"breeder","yr","regcode","reg","loc","loccode","name","vcode","rep","mic","mat","uhm","ui","sfc","str","elo","rd","hunterb","yt","card_loss"
"60-001",17,"011","PLAINS","LUBBOCK","012","PHY 499WRF*","1404","1",3.79,0.84,1.15,80.9,10.5,28.9,7.9,73.2,9.55,66.405148127995,20.9731543624161
"60-002",17,"011","PLAINS","LUBBOCK","012","PHY 499WRF*","1404","2",4.18,0.84,1.14,83.2,8.6,31.85,8.7,71.05,9.6,77.6777521046152,9.00083963056255
"60-003",17,"011","PLAINS","LUBBOCK","012","DP 1646B2XF*","1516","1",4.06,0.84,1.21,80.4,9.2,28.75,8.1,80.3,7.7,72.4942901569605,8.07287314056493
"60-004",17,"011","PLAINS","LUBBOCK","012","DP 1646B2XF*","1516","2",4.24,0.85,1.22,81,8.8,30.1,8,77,8.55,72.073269015069,8.05020920502092
"60-009",17,"011","PLAINS","LUBBOCK","012","FM 1911GLT","1519","1",3.75,0.85,1.19,81.2,8.8,31.8,6.5,80.8,7.65,NA,NA
"60-010",17,"011","PLAINS","LUBBOCK","012","FM 1911GLT","1519","2",3.65,0.85,1.18,81.4,9.6,32.85,6.8,77.1,7.95,NA,NA
"60-011",17,"011","PLAINS","LUBBOCK","012","DP 1612B2XF","1533","1",3.86,0.84,1.19,82.5,7.7,31.9,8.9,76.6,8.9,NA,NA
"60-012",17,"011","PLAINS","LUBBOCK","012","DP 1612B2XF","1533","2",3.45,0.83,1.18,81.4,9.5,32.55,8.3,76.65,8.5,NA,NA
"60-013",17,"011","PLAINS","LUBBOCK","012","PHY 300W3FE","1534","1",3.75,0.85,1.14,81.6,10.2,30.05,7,76.45,8.8,NA,NA
"60-014",17,"011","PLAINS","LUBBOCK","012","PHY 300W3FE","1534","2",3.85,0.84,1.11,80.3,10.6,31.3,7.8,75.35,9.2,NA,NA
"60-005",17,"011","PLAINS","LUBBOCK","012","NG 4545B2XF*","1535","1",4.07,0.86,1.15,81.8,8.8,33.5,6.5,77.5,8.5,70.675349698752,6.24790057104467
"60-006",17,"011","PLAINS","LUBBOCK","012","NG 4545B2XF*","1535","2",3.95,0.85,1.11,81.2,9.9,31.45,6.5,77,9.3,74.5362894780447,7.14285714285714
"60-007",17,"011","PLAINS","LUBBOCK","012","PHY 764WRF*","1536","1",3.54,0.84,1.14,80.4,10.7,33.7,7.3,73.1,8.9,70.8868142559834,6.4326503191132
"60-008",17,"011","PLAINS","LUBBOCK","012","PHY 764WRF*","1536","2",3.65,0.84,1.16,81.3,9.2,35.35,8.1,73.1,9.25,77.7648494366262,10.1655241598395
"60-015",17,"011","PLAINS","LEMESA","163","PHY 499WRF*","1404","1",5.09,0.86,1.06,82.1,8.5,33.7,9.5,79.5,8.75,91.4952472536758,6.44028103044497
"60-016",17,"011","PLAINS","LEMESA","163","PHY 499WRF*","1404","2",5.34,0.87,1.05,82.4,8.6,32.4,9.1,80.25,8.7,77.2736572026509,5.22275988653429
"60-017",17,"011","PLAINS","LEMESA","163","DP 1646B2XF*","1516","1",5.24,0.87,1.11,80.4,9.8,31.4,8.9,82.55,8.35,74.6766904770046,6.54801880456683
"60-018",17,"011","PLAINS","LEMESA","163","DP 1646B2XF*","1516","2",5.2,0.87,1.13,81.2,9,31.45,8.5,82.2,8.55,84.2303977208918,4.92851135407906
"60-023",17,"011","PLAINS","LEMESA","163","FM 1911GLT","1519","1",5.14,0.88,1.04,80.9,11.6,32.8,6.9,81,8.1,NA,NA
"60-024",17,"011","PLAINS","LEMESA","163","FM 1911GLT","1519","2",5.11,0.88,1.05,81.2,9.9,31.15,6.9,82.15,7.45,NA,NA
"60-025",17,"011","PLAINS","LEMESA","163","DP 1612B2XF","1533","1",5.3,0.87,1.05,82.1,9.1,33.65,9.4,78.85,8.6,NA,NA
"60-026",17,"011","PLAINS","LEMESA","163","DP 1612B2XF","1533","2",5.28,0.87,1.05,81.3,9.8,33.3,8.8,79.55,8.9,NA,NA
"60-027",17,"011","PLAINS","LEMESA","163","PHY 300W3FE","1534","1",5.13,0.88,1.05,80.4,10.6,31.7,7.5,79.6,9,NA,NA
"60-028",17,"011","PLAINS","LEMESA","163","PHY 300W3FE","1534","2",5.18,0.87,1.03,81.7,10.8,30.35,7.7,77.1,8,NA,NA
"60-019",17,"011","PLAINS","LEMESA","163","NG 4545B2XF*","1535","1",5.15,0.89,1.01,80.7,10.5,31,6.1,77.9,8.55,66.4319853658536,7.05331773357847
"60-020",17,"011","PLAINS","LEMESA","163","NG 4545B2XF*","1535","2",5.64,0.89,1.04,80.6,10.3,29.3,7.1,79.2,8.55,69.9760164433841,5.44206296048225
"60-021",17,"011","PLAINS","LEMESA","163","PHY 764WRF*","1536","1",4.67,0.86,1.05,82.2,9,35.8,8.2,79.15,8.6,82.6701360650186,5.84981562185718
"60-022",17,"011","PLAINS","LEMESA","163","PHY 764WRF*","1536","2",4.58,0.86,1.1,81.4,8.8,36.9,8,81.2,8.9,92.3826237306253,5.93163538873995
"26-055",17,"012","PLAINS","CHILLOCOTHE","015","PHY 499WRF*","1404","1",4.67,0.85,1.14,84.8,6.8,30.1,9.2,76.15,8.7,77.697779062006,8.02675585284281
"26-056",17,"012","PLAINS","CHILLOCOTHE","015","PHY 499WRF*","1404","2",4.42,0.85,1.16,84.9,6.4,31.8,9.4,77,8.35,85.1519470108695,9.14757412398922
"26-057",17,"012","PLAINS","CHILLOCOTHE","015","DP 1646B2XF*","1516","1",4.19,0.85,1.26,84.6,6.2,30.05,8,81.15,7.25,73.8015710337389,6.46029609690444
"26-058",17,"012","PLAINS","CHILLOCOTHE","015","DP 1646B2XF*","1516","2",4.54,0.85,1.31,84.9,5.1,29.4,8.4,79.95,7.15,71.8340917587086,7.52508361204013
"26-063",17,"012","PLAINS","CHILLOCOTHE","015","FM 1911GLT","1519","1",4.83,0.87,1.17,85.2,6.3,31.65,6.9,78.65,6.95,NA,NA
"26-064",17,"012","PLAINS","CHILLOCOTHE","015","FM 1911GLT","1519","2",4.46,0.86,1.21,83.8,6.2,31.4,7.3,79.45,7,NA,NA
"26-065",17,"012","PLAINS","CHILLOCOTHE","015","DP 1612B2XF","1533","1",4.01,0.84,1.19,86.1,6.2,32,8.7,75.3,7.45,NA,NA
"26-066",17,"012","PLAINS","CHILLOCOTHE","015","DP 1612B2XF","1533","2",4.26,0.84,1.19,85.2,6.1,31.7,9.5,76.75,8.05,NA,NA
"26-067",17,"012","PLAINS","CHILLOCOTHE","015","PHY 300W3FE","1534","1",4.56,0.86,1.11,84.1,8,30.05,8,76.35,9.1,NA,NA
"26-068",17,"012","PLAINS","CHILLOCOTHE","015","PHY 300W3FE","1534","2",4.49,0.85,1.16,84.5,7.4,30.6,8.5,78.7,9.1,NA,NA
"26-059",17,"012","PLAINS","CHILLOCOTHE","015","NG 4545B2XF*","1535","1",4.53,0.86,1.15,84.9,6.5,32,6.9,76.55,8.65,80.2971304347826,6.16185359301545
"26-060",17,"012","PLAINS","CHILLOCOTHE","015","NG 4545B2XF*","1535","2",3.81,0.85,1.18,85.5,6.6,34,7.4,78.3,8.25,81.3501621168008,10.4457527333894
"26-061",17,"012","PLAINS","CHILLOCOTHE","015","PHY 764WRF*","1536","1",3.67,0.83,1.16,84.9,6.2,32.5,8.5,76.85,8.4,84.8683173395102,11.7676767676768
"26-062",17,"012","PLAINS","CHILLOCOTHE","015","PHY 764WRF*","1536","2",3.71,0.84,1.2,85.3,5.7,34.6,8.5,76.7,8.65,73.5271627543568,15.6691324815064
"29-001",17,"012","PLAINS","ALTUS - I","016","PHY 499WRF*","1404","1",3.93414168983131,0.843126113488052,1.24718945518787,86.4414763840197,6.72338710704056,40.5599302333611,8.33687614355684,80.1978459473055,8.20296757086766,81.4584146850094,10.1272264631043
"29-002",17,"012","PLAINS","ALTUS - I","016","PHY 499WRF*","1404","2",3.79983869600886,0.839816122109244,1.25169746632836,85.9751616917636,7.55989559448943,39.5028906480722,8.2823047346572,80.6432388543787,8.12810700923967,76.893293865628,9.5318006376909
"29-003",17,"012","PLAINS","ALTUS - I","016","DP 1646B2XF*","1516","1",4.55630385236389,0.847188916531994,1.30289789430802,85.8257444467832,6.58121870726666,30.1151212250627,9.28526447487664,83.1880103273662,7.29972872001841,74.2232394105918,8.63575268817204
"29-004",17,"012","PLAINS","ALTUS - I","016","DP 1646B2XF*","1516","2",4.47951536145082,0.846359732045048,1.30782324170357,86.785720221943,6.6069888943672,31.4256944208199,9.21673641849395,83.4133206080333,7.50306957044178,62.7863453712131,8.90906034627669
"29-009",17,"012","PLAINS","ALTUS - I","016","FM 1911GLT","1519","1",4.39194093763431,0.852947496092787,1.24737812064814,85.117196772541,7.37038913638822,30.7639490471745,7.92257284730142,81.7761870427994,7.03281263161364,NA,NA
"29-010",17,"012","PLAINS","ALTUS - I","016","FM 1911GLT","1519","2",4.31279987046984,0.852415387357078,1.22868978737118,84.7260907672363,7.60034021905698,32.7013334758276,7.84098235926817,81.6528978808755,7.57368584753137,NA,NA
"29-011",17,"012","PLAINS","ALTUS - I","016","DP 1612B2XF","1533","1",4.76271226450113,0.852883651829986,1.23927445537778,86.7245700864681,6.98363598899416,34.3871867990695,9.44180042305046,81.1361572179829,8.10639141397409,NA,NA
"29-012",17,"012","PLAINS","ALTUS - I","016","DP 1612B2XF","1533","2",4.56503590827668,0.847684972165398,1.25541440037281,87.1633172059573,6.9534544865187,33.5688098466549,9.45319820088781,80.4531370282548,7.92093831252757,NA,NA
"29-013",17,"012","PLAINS","ALTUS - I","016","PHY 300W3FE","1534","1",4.43131055911634,0.84992732317082,1.20903718765904,85.7134626324838,8.04200803360636,30.9013381645419,8.50312708451564,80.6291793009706,7.91313238748219,NA,NA
"29-014",17,"012","PLAINS","ALTUS - I","016","PHY 300W3FE","1534","2",4.57548546979851,0.853845738659747,1.20988825609858,85.3407830201234,7.22257788097089,31.9340365627133,8.50292300387964,81.2558421350205,8.31589737973925,NA,NA
"29-005",17,"012","PLAINS","ALTUS - I","016","NG 4545B2XF*","1535","1",4.91202077920567,0.87319965596251,1.20293121933347,86.7961858204317,7.43496275069677,34.3361016928047,7.03111365620705,80.2621043553979,8.17292384577281,84.7743278216361,10.1106382978723
"29-006",17,"012","PLAINS","ALTUS - I","016","NG 4545B2XF*","1535","2",4.70849643795583,0.864888006977027,1.20490690239621,87.0945879131898,7.13435735790072,33.3950254960598,7.46328208535036,80.4777710322305,8.02801495228947,78.9970124605915,7.82141658274588
"29-007",17,"012","PLAINS","ALTUS - I","016","PHY 764WRF*","1536","1",4.76158992542492,0.856081946170588,1.22391821587745,87.2239568395096,6.96310909328201,34.1884247430656,8.96501510371262,80.6801898603422,8.28899263946191,76.1537170650175,7.46769592213459
"29-008",17,"012","PLAINS","ALTUS - I","016","PHY 764WRF*","1536","2",4.68939963720793,0.853033698925217,1.24982972477703,87.8643376480111,6.46796932129225,33.8585620185222,9.13296719848786,78.7358238080544,8.18917679709374,68.3413227787307,7.12848037571285
"58-001",17,"020","EAST","FLORENCE","036","PHY 499WRF*","1404","1",5.18,0.86,1.11,85.6,5.6,32.75,9.6,68.1,7.85,92.7498449380165,13.1313131313131
"58-002",17,"020","EAST","FLORENCE","036","PHY 499WRF*","1404","2",5.07,0.87,1.12,85.7,5.8,33.9,9.1,71.7,7.75,82.0831895378365,10.9075630252101
"58-015",17,"020","EAST","FLORENCE","036","PHY 444WRF","1459","1",3.84,0.85,1.25,87,5.7,33.9,7.2,75.15,7.6,NA,NA
"58-016",17,"020","EAST","FLORENCE","036","PHY 444WRF","1459","2",3.72,0.84,1.25,85.7,5.8,33.15,7.3,73.3,7.4,NA,NA
"58-019",17,"020","EAST","FLORENCE","036","ST 4946GLB2","1468","1",4.75,0.86,1.14,86,6.3,33.55,9.1,72.1,8.05,NA,NA
"58-020",17,"020","EAST","FLORENCE","036","ST 4946GLB2","1468","2",4.88,0.86,1.15,85.6,5.4,31.15,8.4,73.55,7.6,NA,NA
"58-013",17,"020","EAST","FLORENCE","036","DP 1553B2XF","1507","1",4.48,0.85,1.17,84.1,6.5,31.9,8.8,75.35,7.95,NA,NA
"58-014",17,"020","EAST","FLORENCE","036","DP 1553B2XF","1507","2",4.42,0.85,1.2,86.3,5.4,30.3,8.7,73.85,7.55,NA,NA
"58-009",17,"020","EAST","FLORENCE","036","DP 1538B2XF","1510","1",4.63,0.86,1.14,84.3,5.5,30.55,8.4,75.15,7.4,NA,NA
"58-010",17,"020","EAST","FLORENCE","036","DP 1538B2XF","1510","2",4.34,0.85,1.12,86.1,5.4,28.8,8.6,74.75,7.6,NA,NA
"58-003",17,"020","EAST","FLORENCE","036","DP 1646B2XF*","1516","1",4.44,0.85,1.23,84.8,5.9,32,8.7,74.7,6.95,76.6258787643484,7.37567204301075
"58-004",17,"020","EAST","FLORENCE","036","DP 1646B2XF*","1516","2",4.26,0.85,1.23,85.8,5.7,29.5,8,75.05,6.9,66.6668938805364,14.0221402214022
"58-005",17,"020","EAST","FLORENCE","036","NG 4545B2XF*","1535","1",4.63,0.87,1.1,84.8,6.3,30.75,6.7,73.4,7.6,79.8119216322349,12.5820016820858
"58-006",17,"020","EAST","FLORENCE","036","NG 4545B2XF*","1535","2",4.77,0.87,1.14,84.5,6,34.3,6.5,70.5,7.8,99.7856359095511,14.3459915611814
"58-007",17,"020","EAST","FLORENCE","036","PHY 764WRF*","1536","1",4.21,0.85,1.16,86.4,5,35.35,8,70.65,7.85,92.182637704918,16.1799660441426
"58-008",17,"020","EAST","FLORENCE","036","PHY 764WRF*","1536","2",4.27,0.85,1.13,85.6,5.2,36.6,8.8,70.9,7.5,77.9585829838723,14.9764150943396
"58-011",17,"020","EAST","FLORENCE","036","DP 1522B2XF","1537","1",5.15,0.86,1.14,85.7,5.5,31.75,9.6,75.25,7.55,NA,NA
"58-012",17,"020","EAST","FLORENCE","036","DP 1522B2XF","1537","2",4.89,0.86,1.14,84.3,6.3,30.15,9,70.1,7.7,NA,NA
"58-017",17,"020","EAST","FLORENCE","036","PHY 330W3FE","1542","1",4.68,0.87,1.14,86.1,5.6,32.3,7.3,73.35,8.2,NA,NA
"58-018",17,"020","EAST","FLORENCE","036","PHY 330W3FE","1542","2",4.48,0.86,1.12,85.3,6.4,31.2,7.8,71.95,7.9,NA,NA
"61-001",17,"020","EAST","ROCKY MT","037","PHY 499WRF*","1404","1",5.01,0.86,1.09,84.7,6.6,30.4,9.6,76.9,7.45,81.3529674278039,8.33892617449664
"61-002",17,"020","EAST","ROCKY MT","037","PHY 499WRF*","1404","2",4.95,0.86,1.13,85.8,5.8,32.5,9.9,79.55,8.05,94.6414151644737,9.91482112436116
"61-015",17,"020","EAST","ROCKY MT","037","PHY 444WRF","1459","1",4.94,0.87,1.22,85.2,6.5,33.05,8,79.05,8.1,NA,NA
"61-016",17,"020","EAST","ROCKY MT","037","PHY 444WRF","1459","2",4.64,0.86,1.28,87.5,4.9,33.05,8.3,81.75,8.4,NA,NA
"61-019",17,"020","EAST","ROCKY MT","037","ST 4946GLB2","1468","1",5.49,0.88,1.13,85.1,6.8,31.6,9,79,7.5,NA,NA
"61-020",17,"020","EAST","ROCKY MT","037","ST 4946GLB2","1468","2",5.34,0.87,1.08,84.5,6.8,30.2,8.9,79.9,7.35,NA,NA
"61-013",17,"020","EAST","ROCKY MT","037","DP 1553B2XF","1507","1",5.17,0.87,1.14,84.5,7.2,29.05,9,79.05,8.6,NA,NA
"61-014",17,"020","EAST","ROCKY MT","037","DP 1553B2XF","1507","2",4.55,0.85,1.2,85,6.2,29.6,9.2,80.85,8.8,NA,NA
"61-009",17,"020","EAST","ROCKY MT","037","DP 1538B2XF","1510","1",5.26,0.86,1.14,85.4,5.6,28.85,9.4,80.65,8.45,NA,NA
"61-010",17,"020","EAST","ROCKY MT","037","DP 1538B2XF","1510","2",4.74,0.85,1.12,84.1,6.5,29.2,9.6,81.95,8.2,NA,NA
"61-003",17,"020","EAST","ROCKY MT","037","DP 1646B2XF*","1516","1",4.99,0.86,1.19,85,5.7,29.6,9.3,80.4,7.45,63.2467048290546,8.43091334894613
"61-004",17,"020","EAST","ROCKY MT","037","DP 1646B2XF*","1516","2",4.78,0.85,1.28,86.9,5.2,28.35,9.1,82.95,8.55,81.124717609535,5.22162525184688
"61-005",17,"020","EAST","ROCKY MT","037","NG 4545B2XF*","1535","1",5.44,0.88,1.06,83.7,7.2,30.15,7.4,77.8,7.9,81.8212432622864,7.34453781512605
"61-006",17,"020","EAST","ROCKY MT","037","NG 4545B2XF*","1535","2",5.17,0.87,1.13,84.2,6.3,31.45,7.8,78.65,7.15,102.677075686537,5.66870332654447
"61-007",17,"020","EAST","ROCKY MT","037","PHY 764WRF*","1536","1",4.47,0.85,1.12,84.7,6.5,34.75,9.4,78.3,7.6,93.4923786738166,9.12758446797781
"61-008",17,"020","EAST","ROCKY MT","037","PHY 764WRF*","1536","2",4.6,0.85,1.09,85.5,6,33.45,8.8,79.3,8.1,84.1993633366633,7.56077116512992
"61-011",17,"020","EAST","ROCKY MT","037","DP 1522B2XF","1537","1",5.46,0.86,1.11,85.1,6,29.1,10.8,79.2,7.6,NA,NA
"61-012",17,"020","EAST","ROCKY MT","037","DP 1522B2XF","1537","2",5.19,0.86,1.15,83.6,6.1,30.95,10.4,80.3,8.05,NA,NA
"61-017",17,"020","EAST","ROCKY MT","037","PHY 330W3FE","1542","1",5.08,0.87,1.1,84.2,7.5,29.35,7.8,78.6,7.8,NA,NA
"61-018",17,"020","EAST","ROCKY MT","037","PHY 330W3FE","1542","2",4.94,0.86,1.12,84.4,6.9,32.25,8.8,79.15,8.4,NA,NA
"12-001",17,"020","EAST","STARKVILLE","067","PHY 499WRF*","1404","1",3.97,0.84,1.16,85.1,7.4,32.05,8.6,75.3,7.25,NA,NA
"12-002",17,"020","EAST","STARKVILLE","067","PHY 499WRF*","1404","2",4.51,0.86,1.14,85.6,7.5,29.75,8,77.5,7.15,NA,NA
"12-015",17,"020","EAST","STARKVILLE","067","PHY 444WRF","1459","1",3.44,0.84,1.31,85.7,5.6,32.45,6.7,78.35,6.7,NA,NA
"12-016",17,"020","EAST","STARKVILLE","067","PHY 444WRF","1459","2",3.73,0.85,1.32,87.5,5.4,31.9,6.9,79.3,6.6,NA,NA
"12-019",17,"020","EAST","STARKVILLE","067","ST 4946GLB2","1468","1",3.93,0.84,1.21,83.6,6.8,31.65,8.3,75.75,7.1,NA,NA
"12-020",17,"020","EAST","STARKVILLE","067","ST 4946GLB2","1468","2",3.95,0.85,1.19,85.6,7,29.6,7.4,76.45,6.95,NA,NA
"12-013",17,"020","EAST","STARKVILLE","067","DP 1553B2XF","1507","1",4.32,0.85,1.2,85.3,6.9,30.1,8.6,72.95,5.55,NA,NA
"12-014",17,"020","EAST","STARKVILLE","067","DP 1553B2XF","1507","2",4.39,0.86,1.27,86.9,6.2,30.15,7.7,78,6.5,NA,NA
"12-009",17,"020","EAST","STARKVILLE","067","DP 1538B2XF","1510","1",4.21,0.85,1.14,83.3,9,27.9,7.7,79.05,7.05,NA,NA
"12-010",17,"020","EAST","STARKVILLE","067","DP 1538B2XF","1510","2",4.32,0.85,1.16,84.1,7.4,29.15,8.1,77.3,6.5,NA,NA
"12-003",17,"020","EAST","STARKVILLE","067","DP 1646B2XF*","1516","1",4.53,0.86,1.31,84.7,5.8,29.3,8,77.2,5.1,NA,NA
"12-004",17,"020","EAST","STARKVILLE","067","DP 1646B2XF*","1516","2",4.38,0.86,1.31,84.6,5.9,27.8,7.6,79.3,5.65,NA,NA
"12-005",17,"020","EAST","STARKVILLE","067","NG 4545B2XF*","1535","1",4.13,0.86,1.2,85.4,7,32.75,6.9,78.25,6.45,NA,NA
"12-006",17,"020","EAST","STARKVILLE","067","NG 4545B2XF*","1535","2",4.26,0.86,1.14,83.4,8.6,30.35,6.6,76.7,7.05,NA,NA
"12-007",17,"020","EAST","STARKVILLE","067","PHY 764WRF*","1536","1",3.89,0.84,1.22,85.9,5.9,37.05,7.9,76.95,7.25,NA,NA
"12-008",17,"020","EAST","STARKVILLE","067","PHY 764WRF*","1536","2",3.98,0.84,1.19,85.4,6.4,34.65,8.4,76.7,6.95,NA,NA
"12-011",17,"020","EAST","STARKVILLE","067","DP 1522B2XF","1537","1",4.42,0.85,1.2,84.9,7,30.9,8.6,74.9,6.05,NA,NA
"12-012",17,"020","EAST","STARKVILLE","067","DP 1522B2XF","1537","2",4.33,0.85,1.21,85.6,7.4,29.65,8.5,72.6,5.65,NA,NA
"12-017",17,"020","EAST","STARKVILLE","067","PHY 330W3FE","1542","1",4.1,0.85,1.22,86.8,6.9,31.75,7.3,78.65,6.45,NA,NA
"12-018",17,"020","EAST","STARKVILLE","067","PHY 330W3FE","1542","2",3.79,0.84,1.2,84.7,7.5,30.7,7.3,75.35,7.1,NA,NA
"87-001",17,"020","EAST","BELLA MINA","087","PHY 499WRF*","1404","1",5.16874298954421,0.85929238068279,1.23053906492356,87.7296183244133,6.33104234472668,32.744491345359,9.83244039043935,75.2063458524253,10.1957027123717,NA,NA
"87-002",17,"020","EAST","BELLA MINA","087","PHY 499WRF*","1404","2",5.24201291402146,0.863759923124372,1.21801451397133,87.583196747632,6.46989610223044,33.4140894442422,9.484297758641,76.6564227686204,9.93876129787607,NA,NA
"87-015",17,"020","EAST","BELLA MINA","087","PHY 444WRF","1459","1",4.50638990513661,0.855745776974878,1.33941272710419,89.7995707021021,5.10207878891159,31.3968862183963,7.95609443010785,77.9799646632765,9.61085626130637,NA,NA
"87-016",17,"020","EAST","BELLA MINA","087","PHY 444WRF","1459","2",4.30286319333785,0.847898420514035,1.33522866576957,89.1109413355471,5.16039962477607,33.7360894665204,8.51987201915651,78.4332269620368,10.1409233352967,NA,NA
"87-019",17,"020","EAST","BELLA MINA","087","ST 4946GLB2","1468","1",4.94381788506652,0.858369017816293,1.27428655667652,87.9111951133683,5.91236109635268,31.7152527278998,9.12017700758386,77.560874035653,9.66198274244955,NA,NA
"87-020",17,"020","EAST","BELLA MINA","087","ST 4946GLB2","1468","2",5.04829388209235,0.862590964508637,1.2880639548309,88.7176981251329,5.52109191990027,33.2411456214561,8.96788138958582,77.2576189826857,10.042921911243,NA,NA
"87-013",17,"020","EAST","BELLA MINA","087","DP 1553B2XF","1507","1",4.78167534948116,0.85079192123689,1.26269779962184,87.1283887876618,6.33723821235972,30.4027754582669,9.56808658487712,77.383462894062,9.67191211883637,NA,NA
"87-014",17,"020","EAST","BELLA MINA","087","DP 1553B2XF","1507","2",4.78019126936064,0.847351490473207,1.289465203207,88.2897700799876,5.81782165477288,29.0152658053558,9.97468908253532,76.6564227686204,9.94007015532124,NA,NA
"87-009",17,"020","EAST","BELLA MINA","087","DP 1538B2XF","1510","1",5.03049135919637,0.855300236789875,1.2047418704903,86.0621035368693,6.68245828567818,28.5089725122319,9.67005805525174,77.3439773310558,9.95456398835164,NA,NA
"87-010",17,"020","EAST","BELLA MINA","087","DP 1538B2XF","1510","2",4.76729782666718,0.850525572912903,1.18537269141246,86.794427548584,6.63741450664417,29.3241320006673,9.49113516133375,77.2964134355293,9.31218552505918,NA,NA
"87-003",17,"020","EAST","BELLA MINA","087","DP 1646B2XF*","1516","1",4.38418042391968,0.842230220918348,1.3644893167937,86.6299691862433,5.22007420051317,29.3219030361765,9.35256158483362,79.2894232233803,8.79311508172587,NA,NA
"87-004",17,"020","EAST","BELLA MINA","087","DP 1646B2XF*","1516","2",4.47565796868357,0.84290687376868,1.38938529252862,87.4539069196836,5.11221457737626,29.6365080416433,9.59255852049067,80.5366867695304,9.33579069745197,NA,NA
"87-005",17,"020","EAST","BELLA MINA","087","NG 4545B2XF*","1535","1",4.73322064937802,0.86606966867013,1.23210103758297,87.2387440488785,6.20917290725533,36.3425740046686,7.55746733440978,78.8717148160821,9.72916864508176,NA,NA
"87-006",17,"020","EAST","BELLA MINA","087","NG 4545B2XF*","1535","2",4.9949163690599,0.871400318245511,1.26895785843061,87.1706910095303,6.1955490419715,34.6322103687615,7.59688610747211,78.439231964069,9.72431254334409,NA,NA
"87-007",17,"020","EAST","BELLA MINA","087","PHY 764WRF*","1536","1",4.50594113428452,0.855244983013025,1.28194121491959,88.1195880600304,6.26774327895727,38.6917876427503,8.46817083591422,77.4906006891793,10.1132354986126,NA,NA
"87-008",17,"020","EAST","BELLA MINA","087","PHY 764WRF*","1536","2",4.46338971049911,0.850295264738484,1.27461108570821,88.0547446993234,5.81028298406294,36.4823497816626,8.89954143738801,77.5106890257638,10.1953530318365,NA,NA
"87-011",17,"020","EAST","BELLA MINA","087","DP 1522B2XF","1537","1",5.0405336521331,0.854728910813271,1.23640571360642,87.3390343915221,6.62235607523331,30.5683639290087,9.9119733533787,77.3566784452827,9.56184572764345,NA,NA
"87-012",17,"020","EAST","BELLA MINA","087","DP 1522B2XF","1537","2",5.15263679375474,0.858220577433154,1.20025526988364,86.4604941169804,6.68614439138726,29.6546318373455,9.74381453539556,76.1817615760943,9.91030148560038,NA,NA
"87-017",17,"020","EAST","BELLA MINA","087","PHY 330W3FE","1542","1",4.51536655010109,0.855497965185016,1.2714596175783,88.407228607468,5.94841224411237,36.2783699393506,8.31847349278867,77.4323373467699,9.72553834821407,NA,NA
"87-018",17,"020","EAST","BELLA MINA","087","PHY 330W3FE","1542","2",4.93853481907106,0.862125009632387,1.25121550656192,88.4219980175664,6.23185281695674,33.5236667908083,8.67001896952587,76.9643722664386,9.72412145891294,NA,NA
"71-001",17,"020","EAST","GRIFFIN, GA","153","PHY 499WRF*","1404","1",4.9,0.86,1.13,84.8,6.7,31.1,9.2,70.5,7,79.1852842760768,13.8461538461538
"71-002",17,"020","EAST","GRIFFIN, GA","153","PHY 499WRF*","1404","2",4.5,0.84,1.13,86.2,6.2,31.5,9.6,69.6,7.6,82.2604470937336,13.8668913226622
"71-015",17,"020","EAST","GRIFFIN, GA","153","PHY 444WRF","1459","1",4.26,0.84,1.17,84.6,6.5,27.9,9.5,64,7,NA,NA
"71-016",17,"020","EAST","GRIFFIN, GA","153","PHY 444WRF","1459","2",3.69,0.84,1.26,86.4,6,33.4,8.1,67.1,6.9,NA,NA
"71-019",17,"020","EAST","GRIFFIN, GA","153","ST 4946GLB2","1468","1",4.37,0.85,1.13,85.6,6.6,30.8,8,72.5,7.4,NA,NA
"71-020",17,"020","EAST","GRIFFIN, GA","153","ST 4946GLB2","1468","2",4.22,0.84,1.14,83.3,7.1,32.1,9.3,72.7,7.2,NA,NA
"71-013",17,"020","EAST","GRIFFIN, GA","153","DP 1553B2XF","1507","1",4.79,0.85,1.12,84.9,7.5,32,10.2,66.2,6.9,NA,NA
"71-014",17,"020","EAST","GRIFFIN, GA","153","DP 1553B2XF","1507","2",4.43,0.84,1.14,85,6.4,29.2,9.6,72.8,7.3,NA,NA
"71-009",17,"020","EAST","GRIFFIN, GA","153","DP 1538B2XF","1510","1",4.49,0.84,1.1,84.7,6.8,28.2,9.8,71.7,7.3,NA,NA
"71-010",17,"020","EAST","GRIFFIN, GA","153","DP 1538B2XF","1510","2",4.29,0.84,1.12,86.4,5.7,29,9.4,73.4,6.9,NA,NA
"71-003",17,"020","EAST","GRIFFIN, GA","153","DP 1646B2XF*","1516","1",3.96,0.84,1.26,86.2,5.8,29.2,8.8,72.1,5.8,63.843758339973,22.4619501588894
"71-004",17,"020","EAST","GRIFFIN, GA","153","DP 1646B2XF*","1516","2",4.29,0.84,1.24,86.4,5.9,30.1,9,73.5,6.6,68.8047672962327,10.7094821788837
"71-005",17,"020","EAST","GRIFFIN, GA","153","NG 4545B2XF*","1535","1",4.71,0.87,1.14,83.9,7.8,30.8,7,69.1,6.1,112.228305306616,12.1885521885522
"71-006",17,"020","EAST","GRIFFIN, GA","153","NG 4545B2XF*","1535","2",4.28,0.86,1.17,85,6.5,31.9,7.2,68.9,6.8,71.7958386533922,15.7010915197313
"71-007",17,"020","EAST","GRIFFIN, GA","153","PHY 764WRF*","1536","1",4.13,0.84,1.11,85.9,5.8,34.5,8.9,71.1,7.5,81.0354927667734,15.8922558922559
"71-008",17,"020","EAST","GRIFFIN, GA","153","PHY 764WRF*","1536","2",3.73,0.83,1.18,85.4,6.7,36,8.9,64,7.5,74.7281109039924,24.602906387293
"71-011",17,"020","EAST","GRIFFIN, GA","153","DP 1522B2XF","1537","1",4.74,0.85,1.16,84.5,6.7,30,9.9,65.8,6.7,NA,NA
"71-012",17,"020","EAST","GRIFFIN, GA","153","DP 1522B2XF","1537","2",4.13,0.83,1.17,85.6,6.4,29.8,9.6,68.7,7.3,NA,NA
"71-017",17,"020","EAST","GRIFFIN, GA","153","PHY 330W3FE","1542","1",3.61,0.83,1.24,85.9,5.8,33.8,8,71.6,7,NA,NA
"71-018",17,"020","EAST","GRIFFIN, GA","153","PHY 330W3FE","1542","2",3.98,0.84,1.14,84.4,7.4,30.8,7.9,72.4,6.7,NA,NA
"78-001",17,"020","EAST","SUFFOLK","166","PHY 499WRF*","1404","1",4.94,0.86,1.21,86.8,5.5,32.95,8.6,80.4,7.4,NA,NA
"78-002",17,"020","EAST","SUFFOLK","166","PHY 499WRF*","1404","2",4.94,0.86,1.2,86.5,5.8,31.9,8.7,78.45,7.15,NA,NA
"78-015",17,"020","EAST","SUFFOLK","166","PHY 444WRF","1459","1",4.01,0.85,1.3,87.2,4.8,30.6,7.2,82.45,7.15,NA,NA
"78-016",17,"020","EAST","SUFFOLK","166","PHY 444WRF","1459","2",4.35,0.86,1.32,85.8,4.7,29.65,7.9,80.05,7.2,NA,NA
"78-019",17,"020","EAST","SUFFOLK","166","ST 4946GLB2","1468","1",4.88,0.87,1.17,86.4,5.6,31,7.9,79,7.35,NA,NA
"78-020",17,"020","EAST","SUFFOLK","166","ST 4946GLB2","1468","2",5.13,0.87,1.17,86.7,5.4,30.05,8.2,80.25,7.55,NA,NA
"78-013",17,"020","EAST","SUFFOLK","166","DP 1553B2XF","1507","1",4.54,0.85,1.25,87,5.2,29.3,8.5,82.1,7.1,NA,NA
"78-014",17,"020","EAST","SUFFOLK","166","DP 1553B2XF","1507","2",4.74,0.86,1.25,87.4,5.4,29.2,8.1,82.45,6.6,NA,NA
"78-009",17,"020","EAST","SUFFOLK","166","DP 1538B2XF","1510","1",4.92,0.86,1.15,86.6,5.5,28.1,9.6,76.1,6.65,NA,NA
"78-010",17,"020","EAST","SUFFOLK","166","DP 1538B2XF","1510","2",4.84,0.86,1.18,86.8,5.4,30.6,8.6,81.6,6.95,NA,NA
"78-003",17,"020","EAST","SUFFOLK","166","DP 1646B2XF*","1516","1",4.58,0.86,1.32,86.3,4.6,29.05,8,81.05,6,NA,NA
"78-004",17,"020","EAST","SUFFOLK","166","DP 1646B2XF*","1516","2",4.57,0.86,1.28,86.8,5.4,29.75,8.3,79.75,6.1,NA,NA
"78-005",17,"020","EAST","SUFFOLK","166","NG 4545B2XF*","1535","1",4.79,0.87,1.23,86.4,5.5,32.45,7.2,78.8,7.1,NA,NA
"78-006",17,"020","EAST","SUFFOLK","166","NG 4545B2XF*","1535","2",4.89,0.87,1.19,85.2,6.1,32.1,7.1,80.95,7.1,NA,NA
"78-007",17,"020","EAST","SUFFOLK","166","PHY 764WRF*","1536","1",4.03,0.85,1.25,87.2,5.3,34,7.9,80.3,6.55,NA,NA
"78-008",17,"020","EAST","SUFFOLK","166","PHY 764WRF*","1536","2",3.96,0.85,1.25,85.4,6,33.5,8,80.75,6.9,NA,NA
"78-011",17,"020","EAST","SUFFOLK","166","DP 1522B2XF","1537","1",5.16,0.87,1.22,86.7,4.9,30.05,9.2,80.9,6.85,NA,NA
"78-012",17,"020","EAST","SUFFOLK","166","DP 1522B2XF","1537","2",5.15,0.87,1.21,86.6,5.3,27.55,8.4,81.5,6.35,NA,NA
"78-017",17,"020","EAST","SUFFOLK","166","PHY 330W3FE","1542","1",4.78,0.87,1.21,87,5.7,33.2,7.6,77.9,7.05,NA,NA
"78-018",17,"020","EAST","SUFFOLK","166","PHY 330W3FE","1542","2",4.47,0.86,1.2,86.3,5.8,31.1,7.8,79.5,7,NA,NA
"26-001",17,"030","CENTRAL","COLL STA-I","019","PHY 499WRF*","1404","1",4.79,0.86,1.18,85.3,6.3,31.65,8.7,77.2,6.85,83.7107435216984,7.86819098856759
"26-002",17,"030","CENTRAL","COLL STA-I","019","PHY 499WRF*","1404","2",4.73,0.86,1.2,87.1,5.4,30.5,8,80.65,7.6,75.9259657424327,6.19246861924687
"26-011",17,"030","CENTRAL","COLL STA-I","019","PHY 312WRF","1497","1",4.74,0.87,1.23,86.1,5.3,28.6,7.4,77.3,6.85,NA,NA
"26-012",17,"030","CENTRAL","COLL STA-I","019","PHY 312WRF","1497","2",4.54,0.86,1.26,86.9,5.5,29.65,7.3,80.55,6.65,NA,NA
"26-013",17,"030","CENTRAL","COLL STA-I","019","FM 1830GLT","1503","1",4.89,0.88,1.28,86.1,5.1,32.1,6.1,81.9,6.05,NA,NA
"26-014",17,"030","CENTRAL","COLL STA-I","019","FM 1830GLT","1503","2",4.55,0.87,1.28,86.1,5.2,32.25,6.1,81.4,6.2,NA,NA
"26-003",17,"030","CENTRAL","COLL STA-I","019","DP 1646B2XF*","1516","1",4.45,0.86,1.3,85.9,5,29.15,7.6,80.6,6.3,65.4800378303706,7.39565943238731
"26-004",17,"030","CENTRAL","COLL STA-I","019","DP 1646B2XF*","1516","2",4.76,0.86,1.29,85.9,5.1,28.9,7.9,82.15,6.3,72.7583727884376,5.28797574941058
"26-005",17,"030","CENTRAL","COLL STA-I","019","NG 4545B2XF*","1535","1",4.84,0.88,1.18,85.2,6,31.65,5.8,79.45,7.05,73.6529415015641,6.36729222520107
"26-006",17,"030","CENTRAL","COLL STA-I","019","NG 4545B2XF*","1535","2",5,0.88,1.18,84.3,6.4,31.25,6.2,79.4,7.45,82.271478367472,11.4228456913828
"26-007",17,"030","CENTRAL","COLL STA-I","019","PHY 764WRF*","1536","1",4.23,0.86,1.19,85.9,5.8,32.55,7.3,77.85,7.75,76.6934839672605,7.61378848728246
"26-008",17,"030","CENTRAL","COLL STA-I","019","PHY 764WRF*","1536","2",3.59,0.84,1.25,86.3,5.6,35.8,7.2,80.6,7.55,77.5332847094543,9.32019375313178
"26-009",17,"030","CENTRAL","COLL STA-I","019","DP 1522B2XF","1537","1",5.05,0.86,1.19,86.5,5.4,28.75,8.7,79.25,6.75,NA,NA
"26-010",17,"030","CENTRAL","COLL STA-I","019","DP 1522B2XF","1537","2",4.92,0.86,1.21,86.2,5.7,30.75,8.5,79.8,7,NA,NA
"26-015",17,"030","CENTRAL","COLL STA-I","019","DG 3385B2XF","1551","1",4.93,0.86,1.19,86.7,5.2,28.95,9.1,79.5,7.8,NA,NA
"26-016",17,"030","CENTRAL","COLL STA-I","019","DG 3385B2XF","1551","2",4.87,0.86,1.23,86.2,5.2,28.8,8.4,80.65,7.35,NA,NA
"26-017",17,"030","CENTRAL","COLL STA-I","019","NG 4601B2XF","1552","1",5.17,0.88,1.2,85.8,5.4,33.45,7.4,80.05,7,NA,NA
"26-018",17,"030","CENTRAL","COLL STA-I","019","NG 4601B2XF","1552","2",4.79,0.87,1.21,86.5,5.3,32.6,7.5,80.7,6.75,NA,NA
"26-019",17,"030","CENTRAL","WESLACO-I","021","PHY 499WRF*","1404","1",5.13,0.87,1.17,85.8,6,29.7,8.2,77.55,7.05,86.8663703793859,11.2289562289562
"26-020",17,"030","CENTRAL","WESLACO-I","021","PHY 499WRF*","1404","2",5.1,0.87,1.17,85.9,6.1,28.9,8.2,77.6,7,87.1878112430099,8.27181208053691
"26-029",17,"030","CENTRAL","WESLACO-I","021","PHY 312WRF","1497","1",4.99,0.87,1.22,85.9,5.6,31.45,7.6,76.8,7.5,NA,NA
"26-030",17,"030","CENTRAL","WESLACO-I","021","PHY 312WRF","1497","2",4.86,0.87,1.2,86.3,5.7,29.8,7.1,77.25,7.55,NA,NA
"26-031",17,"030","CENTRAL","WESLACO-I","021","FM 1830GLT","1503","1",4.9,0.88,1.24,84.3,6.6,29.65,6.5,80.8,6.05,NA,NA
"26-032",17,"030","CENTRAL","WESLACO-I","021","FM 1830GLT","1503","2",4.69,0.87,1.25,84.5,6.5,30.75,6.2,79.65,5.85,NA,NA
"26-021",17,"030","CENTRAL","WESLACO-I","021","DP 1646B2XF*","1516","1",4.81,0.87,1.29,86.8,5.2,29.75,7.8,79.7,7.55,84.8288230702373,5.92630327729666
"26-022",17,"030","CENTRAL","WESLACO-I","021","DP 1646B2XF*","1516","2",4.8,0.86,1.28,85.8,5.4,29.15,8.1,81.05,7.3,67.9396681030503,8.81072026800671
"26-023",17,"030","CENTRAL","WESLACO-I","021","NG 4545B2XF*","1535","1",5.1,0.88,1.17,84.4,6,29.1,6,76.6,6.75,68.7185133044554,9.25553319919518
"26-024",17,"030","CENTRAL","WESLACO-I","021","NG 4545B2XF*","1535","2",4.78,0.88,1.16,85.1,6.5,29.2,6.1,78.75,7.75,87.193338980208,6.48584905660378
"26-025",17,"030","CENTRAL","WESLACO-I","021","PHY 764WRF*","1536","1",4.13,0.85,1.24,86.5,5.5,34.65,7.2,78.7,8.1,89.2257629388594,6.68458179375209
"26-026",17,"030","CENTRAL","WESLACO-I","021","PHY 764WRF*","1536","2",4.21,0.86,1.21,84.2,6.3,31.8,6.8,77.55,7.65,68.9673491163373,24.5267213938683
"26-027",17,"030","CENTRAL","WESLACO-I","021","DP 1522B2XF","1537","1",5.4,0.87,1.19,84.9,6.2,29.05,8.6,77.65,7.1,NA,NA
"26-028",17,"030","CENTRAL","WESLACO-I","021","DP 1522B2XF","1537","2",5.01,0.87,1.2,85.2,5.9,29.05,8.5,78,7,NA,NA
"26-033",17,"030","CENTRAL","WESLACO-I","021","DG 3385B2XF","1551","1",5.14,0.87,1.15,85.4,6.3,28.55,8,79.7,7.85,NA,NA
"26-034",17,"030","CENTRAL","WESLACO-I","021","DG 3385B2XF","1551","2",4.98,0.86,1.18,85.9,5.3,27.15,8.8,78.1,7.2,NA,NA
"26-035",17,"030","CENTRAL","WESLACO-I","021","NG 4601B2XF","1552","1",5.3,0.88,1.2,85.7,5.9,31.15,7.4,79.45,7.4,NA,NA
"26-036",17,"030","CENTRAL","WESLACO-I","021","NG 4601B2XF","1552","2",5.23,0.88,1.22,84.2,6.7,32.25,7.4,78.55,6.8,NA,NA
"26-037",17,"030","CENTRAL","C CHRISTI-D","195","PHY 499WRF*","1404","1",4.6,0.86,1.1,83.7,6.8,30.4,8,73.85,7.75,80.0384306257287,6.6588195728939
"26-038",17,"030","CENTRAL","C CHRISTI-D","195","PHY 499WRF*","1404","2",4.77,0.86,1.11,84.4,6.7,29.3,8.1,73.15,7.35,77.31405,12.2651006711409
"26-047",17,"030","CENTRAL","C CHRISTI-D","195","PHY 312WRF","1497","1",4.51,0.86,1.14,84.7,6.8,28.85,7.2,72.05,6.75,NA,NA
"26-048",17,"030","CENTRAL","C CHRISTI-D","195","PHY 312WRF","1497","2",4.47,0.86,1.12,84,7.2,28.55,7.1,73.8,6.95,NA,NA
"26-049",17,"030","CENTRAL","C CHRISTI-D","195","FM 1830GLT","1503","1",4.72,0.87,1.25,84.4,6.4,30.6,6.1,76.15,6.75,NA,NA
"26-050",17,"030","CENTRAL","C CHRISTI-D","195","FM 1830GLT","1503","2",4.73,0.87,1.22,83.4,6.7,31.05,6.3,74.95,6.35,NA,NA
"26-039",17,"030","CENTRAL","C CHRISTI-D","195","DP 1646B2XF*","1516","1",4.73,0.86,1.17,82.3,8.2,27.9,8.1,75.45,7.1,72.7433770134514,7.63179916317992
"26-040",17,"030","CENTRAL","C CHRISTI-D","195","DP 1646B2XF*","1516","2",4.7,0.86,1.18,82.8,7.1,28,8.2,74.85,6.95,66.2932618412331,8.69783810960282
"26-041",17,"030","CENTRAL","C CHRISTI-D","195","NG 4545B2XF*","1535","1",4.52,0.87,1.13,84.4,7.1,29.4,6.4,73.8,7.05,69.4374627548307,13.5493619879113
"26-042",17,"030","CENTRAL","C CHRISTI-D","195","NG 4545B2XF*","1535","2",4.66,0.87,1.14,82.6,7.4,28,6.2,74.75,7.25,88.7808273181566,8.94472361809046
"26-043",17,"030","CENTRAL","C CHRISTI-D","195","PHY 764WRF*","1536","1",4.07,0.85,1.2,86.3,6,32.45,7.3,75.5,7.45,82.3129786882872,8.07432432432433
"26-044",17,"030","CENTRAL","C CHRISTI-D","195","PHY 764WRF*","1536","2",3.96,0.85,1.18,84.4,6.7,32.55,7.3,72.85,7.25,74.9502039671408,9.3860386879731
"26-045",17,"030","CENTRAL","C CHRISTI-D","195","DP 1522B2XF","1537","1",5.05,0.86,1.14,84.3,6.9,29.05,9.1,72.7,7.05,NA,NA
"26-046",17,"030","CENTRAL","C CHRISTI-D","195","DP 1522B2XF","1537","2",4.89,0.86,1.1,83.4,6.9,29.45,9,73.25,7.4,NA,NA
"26-051",17,"030","CENTRAL","C CHRISTI-D","195","DG 3385B2XF","1551","1",4.47,0.85,1.16,84.1,6.8,29.3,8.2,72.45,7.2,NA,NA
"26-052",17,"030","CENTRAL","C CHRISTI-D","195","DG 3385B2XF","1551","2",4.92,0.86,1.14,83.1,6.9,27.7,8.2,73.65,7.75,NA,NA
"26-053",17,"030","CENTRAL","C CHRISTI-D","195","NG 4601B2XF","1552","1",5.32,0.88,1.12,84.3,7.2,30.35,7.1,74.2,6.95,NA,NA
"26-054",17,"030","CENTRAL","C CHRISTI-D","195","NG 4601B2XF","1552","2",5.14,0.88,1.1,81.7,9,28.65,7,73.05,7.15,NA,NA
"84-001",17,"040","DELTA","STONEVILLE","025","PHY 499WRF*","1404","1",4.73047317675874,0.860937010423369,1.14968096481101,86.2673195743022,7.30516109231374,34.3423491817394,8.16642769214018,71.0366951436685,7.13879224382712,72.8078893845997,15.5855096882898
"84-002",17,"040","DELTA","STONEVILLE","025","PHY 499WRF*","1404","2",5.13050851894219,0.867816709070843,1.11142738462549,84.6839826701963,7.15126415412992,31.4497925982831,8.39269303142353,76.8839472569567,7.90644582911002,84.8900926729291,9.40978077571669
"84-017",17,"040","DELTA","STONEVILLE","025","PHY 444WRF","1459","1",4.22419135763362,0.852323278026301,1.25310879001647,87.2923450847574,6.30169142053363,31.9775617551372,7.50198286906118,74.8105124596239,6.5795016886316,NA,NA
"84-018",17,"040","DELTA","STONEVILLE","025","PHY 444WRF","1459","2",4.06009624709107,0.848543129580417,1.29016120329291,87.1860299375942,5.92457604123897,33.4713154245607,7.56581386565113,74.9350458138189,6.8035037854373,NA,NA
"84-013",17,"040","DELTA","STONEVILLE","025","DP 1555B2XF","1501","1",4.83060017551843,0.862630396474715,1.19083106418149,84.8822134189388,7.40797560215706,32.9952935556467,8.18947075780719,75.7638381793643,6.37575007532617,NA,NA
"84-014",17,"040","DELTA","STONEVILLE","025","DP 1555B2XF","1501","2",5.15127350424134,0.87398936413108,1.15867568018568,85.5015936149939,7.80167183998925,34.4767931767008,7.75874018236388,78.1251341379308,7.40358081036118,NA,NA
"84-003",17,"040","DELTA","STONEVILLE","025","DP 1646B2XF*","1516","1",4.45513351445296,0.851861173226061,1.26189186919446,85.2019296775243,7.15121322332277,31.6052664237918,8.35000927681769,73.7560539467984,5.90500178109743,78.4345119865553,13.0743243243243
"84-004",17,"040","DELTA","STONEVILLE","025","DP 1646B2XF*","1516","2",4.88973433027868,0.863201591203869,1.2714600493726,85.405895797788,6.77545986811257,30.6875894290734,8.17336855560154,78.3902141850732,6.72936147380399,81.0574731900489,10.7588532883642
"84-019",17,"040","DELTA","STONEVILLE","025","ST 4949GLT","1528","1",4.76855901334714,0.861894296082343,1.13723322557213,84.2859761569734,7.66433968178111,31.0997013739983,7.96483634830009,72.4158076032272,6.9069843560908,NA,NA
"84-020",17,"040","DELTA","STONEVILLE","025","ST 4949GLT","1528","2",4.70632458863025,0.860732783648809,1.14009045579749,85.5028164502007,7.07316932837987,28.5953955848539,7.76398912941455,73.2078071832731,7.07344930080941,NA,NA
"84-009",17,"040","DELTA","STONEVILLE","025","DP 1518B2XF","1529","1",4.9441118774176,0.869428475330353,1.17735863749963,85.8277649636799,7.73803073929909,30.7905797351047,7.4716586623631,75.5750364807278,6.18458398446486,NA,NA
"84-010",17,"040","DELTA","STONEVILLE","025","DP 1518B2XF","1529","2",4.85291877518675,0.865519740397126,1.14623170317218,83.5191167222335,8.49792576876661,29.9766900718154,7.66815375238454,78.0520963508064,6.07372870550017,NA,NA
"84-015",17,"040","DELTA","STONEVILLE","025","NG 3406B2XF","1530","1",4.67201565164134,0.852304074005784,1.15558092881476,86.429215575811,6.54552114788067,28.5302728568472,8.85512085558303,76.3677271709363,6.80433788086144,NA,NA
"84-016",17,"040","DELTA","STONEVILLE","025","NG 3406B2XF","1530","2",5.18516138623584,0.866746389888328,1.13260068602237,85.486198804725,7.15855405417346,29.4079601654283,8.61360986637032,78.5569258797813,6.97257081018841,NA,NA
"84-005",17,"040","DELTA","STONEVILLE","025","NG 4545B2XF*","1535","1",5.03631290544068,0.876707528986398,1.11389665981684,82.2907953677516,9.44819522263801,34.4219758641636,6.96354764726194,75.6721659391247,7.34109376438876,95.9377959938367,10.9797297297297
"84-006",17,"040","DELTA","STONEVILLE","025","NG 4545B2XF*","1535","2",5.29541272680384,0.88148591209755,1.09490400918224,84.2221092524604,8.48874015039095,31.0889552383464,6.9753055593856,77.2969612194041,6.79913606963003,76.2370650488953,10.4432505036938
"84-007",17,"040","DELTA","STONEVILLE","025","PHY 764WRF*","1536","1",4.15476387260318,0.851322866849983,1.23325257855011,86.730607038158,6.43315665367871,37.0176035352656,7.70945559033453,77.333134557885,7.24324789571305,83.506568018852,9.43364611260054
"84-008",17,"040","DELTA","STONEVILLE","025","PHY 764WRF*","1536","2",3.55964546149053,0.838802735792456,1.21288562064217,85.5726054342881,7.3662158345541,39.6964273915751,7.60386139216372,79.5210227095486,7.98365297868042,80.3209400321027,13.2663316582915
"84-011",17,"040","DELTA","STONEVILLE","025","DP 1522B2XF","1537","1",5.06566003566375,0.861780165174858,1.1482290211228,85.4295692834207,7.01175750297809,31.7694956000725,9.05610510645657,74.4315985051694,6.79486274996618,NA,NA
"84-012",17,"040","DELTA","STONEVILLE","025","DP 1522B2XF","1537","2",5.28235307057437,0.867533856085637,1.18696881889152,86.7068202222405,6.98048797361058,31.3509077953359,8.95607714315287,76.9260539343258,6.44694099261593,NA,NA
"69-001",17,"040","DELTA","JACKSON","030","PHY 499WRF*","1404","1",4.48,0.86,1.3,85.4,5.7,29.85,6.8,79.8,6.85,73.1691184337865,7.89339670684094
"69-002",17,"040","DELTA","JACKSON","030","PHY 499WRF*","1404","2",4.64,0.87,1.28,84.8,6.8,31.05,7.1,80.45,6.25,69.944304142177,8.82352941176471
"69-017",17,"040","DELTA","JACKSON","030","PHY 444WRF","1459","1",4.37,0.86,1.27,86.5,6,34.35,7.9,76.5,6.05,NA,NA
"69-018",17,"040","DELTA","JACKSON","030","PHY 444WRF","1459","2",4.43,0.86,1.28,85.4,6.5,33.7,7.5,77.3,6.4,NA,NA
"69-013",17,"040","DELTA","JACKSON","030","DP 1555B2XF","1501","1",4.91,0.87,1.22,84.8,7.3,33.1,7.9,79.85,6.15,NA,NA
"69-014",17,"040","DELTA","JACKSON","030","DP 1555B2XF","1501","2",4.94,0.86,1.23,84.8,7.2,33.65,8.5,80.45,6.65,NA,NA
"69-003",17,"040","DELTA","JACKSON","030","DP 1646B2XF*","1516","1",4.8,0.86,1.27,83.4,6.7,29.7,8.2,78.05,5.75,65.3445372728761,8.55506904681712
"69-004",17,"040","DELTA","JACKSON","030","DP 1646B2XF*","1516","2",5.04,0.87,1.25,82.5,7.8,30.75,8.4,77.65,5.5,68.781319923461,8.11901159858801
"69-019",17,"040","DELTA","JACKSON","030","ST 4949GLT","1528","1",4.53,0.86,1.17,84.4,6.9,30.45,8.2,77.2,6.2,NA,NA
"69-020",17,"040","DELTA","JACKSON","030","ST 4949GLT","1528","2",4.87,0.86,1.18,84.5,7.3,29.8,8.2,77.8,6.05,NA,NA
"69-009",17,"040","DELTA","JACKSON","030","DP 1518B2XF","1529","1",4.74,0.87,1.18,83,8.3,28.7,7.5,76,4.95,NA,NA
"69-010",17,"040","DELTA","JACKSON","030","DP 1518B2XF","1529","2",4.92,0.87,1.18,84,7.7,30.6,8,77.65,5.2,NA,NA
"69-015",17,"040","DELTA","JACKSON","030","NG 3406B2XF","1530","1",4.91,0.86,1.19,84.4,6.8,31.55,8.6,77.25,5.6,NA,NA
"69-016",17,"040","DELTA","JACKSON","030","NG 3406B2XF","1530","2",4.88,0.85,1.15,83.7,8.3,28.25,9.6,75.9,5.5,NA,NA
"69-005",17,"040","DELTA","JACKSON","030","NG 4545B2XF*","1535","1",4.91,0.88,1.2,84.3,7.7,34.5,6.4,77,5.95,68.8196811762558,7.32773109243697
"69-006",17,"040","DELTA","JACKSON","030","NG 4545B2XF*","1535","2",5.14,0.88,1.18,85.4,7.4,35.5,6.4,77.25,6.2,82.4911554863047,7.49163879598662
"69-007",17,"040","DELTA","JACKSON","030","PHY 764WRF*","1536","1",4.51,0.86,1.18,84.4,6.8,36.25,8.1,76.6,6.75,92.261465602364,8.96597955421485
"69-008",17,"040","DELTA","JACKSON","030","PHY 764WRF*","1536","2",4.26,0.86,1.22,85.5,6.1,35.65,7.6,76.05,6.15,85.5052254064878,10.1672240802676
"69-011",17,"040","DELTA","JACKSON","030","DP 1522B2XF","1537","1",5.19,0.86,1.21,84.7,6.4,31.15,9.5,74.35,4.6,NA,NA
"69-012",17,"040","DELTA","JACKSON","030","DP 1522B2XF","1537","2",5.01,0.86,1.18,84.5,7.1,32.35,9.6,78.05,5.65,NA,NA
"21-001",17,"040","DELTA","PORTAG","075","PHY 499WRF*","1404","1",4.44,0.86,1.26,86.4,6,38.55,7.5,67.15,6.75,82.0007651221567,14.7494113689876
"21-002",17,"040","DELTA","PORTAG","075","PHY 499WRF*","1404","2",4.58,0.86,1.18,84.4,7.8,32.7,7.9,71.55,7.1,75.1662919110212,12.9892037786775
"21-017",17,"040","DELTA","PORTAG","075","PHY 444WRF","1459","1",4.95,0.87,1.19,82.6,8.4,34.95,8.1,77.3,7.85,NA,NA
"21-018",17,"040","DELTA","PORTAG","075","PHY 444WRF","1459","2",4.46,0.86,1.23,86.3,6.1,39.15,8.4,69.35,7.15,NA,NA
"21-013",17,"040","DELTA","PORTAG","075","DP 1555B2XF","1501","1",4.86,0.87,1.29,84.9,7.1,32.1,8,74.95,6.8,NA,NA
"21-014",17,"040","DELTA","PORTAG","075","DP 1555B2XF","1501","2",4.51,0.86,1.22,85.4,6.8,32.3,7.6,70.4,6.2,NA,NA
"21-003",17,"040","DELTA","PORTAG","075","DP 1646B2XF*","1516","1",4.47,0.86,1.22,84.6,7.4,32.3,7.4,70.5,6.5,67.9868369290065,16.3645518630413
"21-004",17,"040","DELTA","PORTAG","075","DP 1646B2XF*","1516","2",5.07,0.87,1.18,84.8,7,33.05,8.7,69.75,7.3,87.2663708206687,12.9570345408593
"21-019",17,"040","DELTA","PORTAG","075","ST 4949GLT","1528","1",4.73,0.86,1.22,87.3,6,37.15,8.4,71.1,7.25,NA,NA
"21-020",17,"040","DELTA","PORTAG","075","ST 4949GLT","1528","2",4.95,0.87,1.17,84.4,7.6,32.55,8.3,70.3,6.6,NA,NA
"21-009",17,"040","DELTA","PORTAG","075","DP 1518B2XF","1529","1",5.01,0.87,1.16,82.1,9.9,32.7,7.7,75.35,7.3,NA,NA
"21-010",17,"040","DELTA","PORTAG","075","DP 1518B2XF","1529","2",5.32,0.87,1.19,84.8,6.6,31.7,9.5,71.05,6.65,NA,NA
"21-015",17,"040","DELTA","PORTAG","075","NG 3406B2XF","1530","1",5.26,0.87,1.2,85.7,7.1,33.1,9,67.7,6.4,NA,NA
"21-016",17,"040","DELTA","PORTAG","075","NG 3406B2XF","1530","2",4.99,0.88,1.16,83.6,8,35,6.4,69.25,6.9,NA,NA
"21-005",17,"040","DELTA","PORTAG","075","NG 4545B2XF*","1535","1",4.55,0.87,1.19,84.9,7.1,34.15,6.3,69.95,6.4,72.7760463123936,12.3993288590604
"21-006",17,"040","DELTA","PORTAG","075","NG 4545B2XF*","1535","2",4.48,0.86,1.27,84.6,7.1,35.45,8.3,73.75,6.5,75.488306295952,15.1551517229556
"21-007",17,"040","DELTA","PORTAG","075","PHY 764WRF*","1536","1",4.74,0.86,1.17,83.9,8,31.55,8.5,73.95,6.95,91.9620063221274,14.3362533692722
"21-008",17,"040","DELTA","PORTAG","075","PHY 764WRF*","1536","2",4.27,0.86,1.23,84.7,8,34.8,7.4,72.4,6.5,77.2817619040043,13.0573784284032
"21-011",17,"040","DELTA","PORTAG","075","DP 1522B2XF","1537","1",4.6,0.87,1.27,84.7,7.1,34.8,7.3,72.05,6.95,NA,NA
"21-012",17,"040","DELTA","PORTAG","075","DP 1522B2XF","1537","2",4.73,0.86,1.2,84.8,7,31.85,8.8,70.35,6.55,NA,NA
"28-001",17,"040","DELTA","KEISER","184","PHY 499WRF*","1404","1",5.2469292684879,0.866986430272119,1.17399808194755,86.594199633009,6.86375345893588,33.7162721149076,9.05478604363258,77.0522029550248,6.85125069090745,78.3887947988904,7.41924629878869
"28-002",17,"040","DELTA","KEISER","184","PHY 499WRF*","1404","2",5.43014089622068,0.870256109266784,1.14597120097002,85.3125536112109,7.42711695871321,31.8413434441268,9.10799121504908,77.9876088928149,7.10577601856107,67.8114168929662,7.96370967741936
"28-017",17,"040","DELTA","KEISER","184","PHY 444WRF","1459","1",4.58866766935872,0.859437248424537,1.26584292778165,86.39337648058,6.7083362157482,30.2001982242235,7.6381910261303,80.7220329173537,7.33154901056375,NA,NA
"28-018",17,"040","DELTA","KEISER","184","PHY 444WRF","1459","2",4.68790678470825,0.862266474832308,1.26475269393898,85.9867639585949,7.16570366959325,30.5405546500219,7.59659741199601,82.5395236741828,7.20925913874995,NA,NA
"28-013",17,"040","DELTA","KEISER","184","DP 1555B2XF","1501","1",5.03896994780583,0.868012433811646,1.22996026853286,85.5948376675141,7.03669533521445,31.9075766942489,8.07352483269854,82.5464818978139,7.12188469205724,NA,NA
"28-014",17,"040","DELTA","KEISER","184","DP 1555B2XF","1501","2",5.29425343953799,0.874725987286377,1.2173400529469,85.7356525937797,7.46976399318953,32.0122540065757,8.0011992068621,81.2316234500679,7.01620187969825,NA,NA
"28-003",17,"040","DELTA","KEISER","184","DP 1646B2XF*","1516","1",4.78758169792161,0.857727868615495,1.26721591200691,85.3859154056086,6.78862324786532,28.3343320256476,8.46405254424535,81.0682383125141,6.357002917807,66.8520201754386,3.16742081447964
"28-004",17,"040","DELTA","KEISER","184","DP 1646B2XF*","1516","2",5.00606688670268,0.861743898685898,1.2761308080666,86.8405775513398,6.6083284455907,28.3991430190494,8.64990163758493,81.9709786888965,6.7089158454726,77.1436577687436,7.18833780160858
"28-019",17,"040","DELTA","KEISER","184","ST 4949GLT","1528","1",4.98483353845014,0.865413877604072,1.17860903253553,84.7671407583382,8.12490231914143,29.074622804678,8.08804643556896,79.9414238943534,7.36060453869756,NA,NA
"28-020",17,"040","DELTA","KEISER","184","ST 4949GLT","1528","2",5.01829788346326,0.867160029146195,1.18494078407851,84.8403479504147,7.76364508476971,28.9223331039452,7.94372155935655,80.5303193276605,7.83194763746379,NA,NA
"28-009",17,"040","DELTA","KEISER","184","DP 1518B2XF","1529","1",5.00950057750575,0.865538561541339,1.19957338835425,85.3634384456043,7.33748386076017,28.8453890752778,8.14208008974301,80.7822262639632,6.12534749639853,NA,NA
"28-010",17,"040","DELTA","KEISER","184","DP 1518B2XF","1529","2",4.98871116389031,0.866151816374754,1.20566540770752,85.7107206740124,7.5145115941853,29.6226297264516,8.02837893803252,79.8969387771737,6.71424453345356,NA,NA
"28-015",17,"040","DELTA","KEISER","184","NG 3406B2XF","1530","1",4.9174858689481,0.859940720641054,1.21201092703498,86.1779697301783,6.82494913699961,28.201507093601,8.58939062421393,80.1880312714154,6.79180670848882,NA,NA
"28-016",17,"040","DELTA","KEISER","184","NG 3406B2XF","1530","2",4.87733226021009,0.854621490333152,1.17602540573813,85.6570116775526,6.81415633977826,26.8017552075768,9.13135363987126,79.0635615235525,6.46733833304801,NA,NA
"28-005",17,"040","DELTA","KEISER","184","NG 4545B2XF*","1535","1",5.22016758966724,0.878497793886142,1.17060515087019,83.9775831548797,8.1083820353874,33.0732191840352,7.26400679214888,78.2329200453243,7.40954668400026,73.0213821834349,7.30185497470489
"28-006",17,"040","DELTA","KEISER","184","NG 4545B2XF*","1535","2",5.08158019505048,0.87644064252807,1.24345616645728,86.6520827947505,6.73235566179213,34.809398266253,7.18303778907437,78.125229362077,6.60866276814742,90.6163827493261,8.20358278921815
"28-007",17,"040","DELTA","KEISER","184","PHY 764WRF*","1536","1",4.56986124335702,0.858396360061433,1.22763432828413,86.8337513415121,6.58209314200834,36.3377192900172,8.09413972332559,79.0453939627947,7.3307183561411,78.5486966854701,22.0100502512563
"28-008",17,"040","DELTA","KEISER","184","PHY 764WRF*","1536","2",4.65876131115381,0.860748703239687,1.23191942442054,87.0620581076411,6.51666712423113,36.3279293271912,8.06407786098122,79.3723546861946,7.0854660385572,85.5153152953787,5.99730458221025
"28-011",17,"040","DELTA","KEISER","184","DP 1522B2XF","1537","1",5.35123444764588,0.868232918782812,1.17811935975625,86.1129282272332,7.55612766043493,30.2983783451858,9.03144443476813,79.1029375297838,6.68690608150894,NA,NA
"28-012",17,"040","DELTA","KEISER","184","DP 1522B2XF","1537","2",5.41974953666292,0.868700448308527,1.16603978670019,85.5160977702969,7.318403270488,30.2156326813326,9.19758879299845,80.1393237059977,7.40896252198649,NA,NA
"36-015",17,"052","WEST","FIVE POINTS","108","PHY 499WRF*","1404","1",4.76,0.86,1.15,85.1,7.6,32.5,8.1,64.75,8.6,92.0581580120269,22.3182511438739
"36-016",17,"052","WEST","FIVE POINTS","108","PHY 499WRF*","1404","2",4.29,0.85,1.16,84,8,33,8,70.25,9.1,78.652550266809,22.6058853546521
"36-025",17,"052","WEST","FIVE POINTS","108","DG 2355B2RF","1479","1",4.67,0.86,1.17,83.6,7.8,31.6,8.3,63.5,9.45,NA,NA
"36-026",17,"052","WEST","FIVE POINTS","108","DG 2355B2RF","1479","2",4.62,0.86,1.15,83.8,7.3,35.1,8.4,69.35,8.25,NA,NA
"36-017",17,"052","WEST","FIVE POINTS","108","DP 1646B2XF*","1516","1",4.84,0.87,1.21,84.1,7.5,31.7,7.8,74.35,8.25,84.7875746900826,15.8171041490262
"36-018",17,"052","WEST","FIVE POINTS","108","DP 1646B2XF*","1516","2",4.92,0.87,1.21,83.7,7.4,30.55,8.1,73.1,8.25,74.4062020631068,17.5888665325285
"36-019",17,"052","WEST","FIVE POINTS","108","NG 4545B2XF*","1535","1",4.96,0.88,1.12,83.4,8,31.4,6.1,69.45,8.75,86.0443609491034,15.9898904802022
"36-020",17,"052","WEST","FIVE POINTS","108","NG 4545B2XF*","1535","2",4.98,0.88,1.1,83,8.1,29.7,5.8,69.85,9,98.5155017622668,13.8024357239513
"36-021",17,"052","WEST","FIVE POINTS","108","PHY 764WRF*","1536","1",4.79,0.87,1.19,83.3,7.8,36.4,7.4,67.4,9.3,93.1427225056111,32.4865410497981
"36-022",17,"052","WEST","FIVE POINTS","108","PHY 764WRF*","1536","2",4.22,0.86,1.17,83.4,8.2,35,7.4,67.15,8.85,83.5325787183002,19.3082605775688
"36-027",17,"052","WEST","FIVE POINTS","108","Acala Daytona RF","1553","1",4.44,0.87,1.21,84.9,7.2,38.75,6.7,71.55,8.95,NA,NA
"36-028",17,"052","WEST","FIVE POINTS","108","Acala Daytona RF","1553","2",4.37,0.87,1.2,85.2,6.9,37.35,6.5,61.4,8.55,NA,NA
"36-023",17,"052","WEST","FIVE POINTS","108","DP 1549B2XF","1554","1",4.55,0.87,1.14,82.9,8.7,32.3,6.6,68.15,9.25,NA,NA
"36-024",17,"052","WEST","FIVE POINTS","108","DP 1549B2XF","1554","2",4.57,0.87,1.14,83.5,8.8,31.05,6.5,67.7,9.4,NA,NA
"88-001",17,"052","WEST","MARICOPA","196","PHY 499WRF*","1404","1",4.73,0.86,1.18,84.2,7.1,32.7,7.9,81.8,8.85,75.8428596534653,8.40589417280642
"88-002",17,"052","WEST","MARICOPA","196","PHY 499WRF*","1404","2",4.56,0.86,1.18,84.8,6.5,33.65,8.7,77.4,8.75,77.8378966560242,9.41968040370059
"88-011",17,"052","WEST","MARICOPA","196","DG 2355B2RF","1479","1",3.87,0.85,1.16,81.5,8.8,32.85,7.7,81.4,9,NA,NA
"88-012",17,"052","WEST","MARICOPA","196","DG 2355B2RF","1479","2",4.21,0.85,1.17,84.6,8.2,36.85,8.3,80.8,8.75,NA,NA
"88-003",17,"052","WEST","MARICOPA","196","DP 1646B2XF*","1516","1",4.55,0.86,1.26,82.3,7,31.45,8,82.25,8.45,79.6041021760942,9.54697986577182
"88-004",17,"052","WEST","MARICOPA","196","DP 1646B2XF*","1516","2",4.73,0.86,1.25,83.8,7.2,31.45,7.9,82.2,8.8,72.1537075599819,10.7645875251509
"88-005",17,"052","WEST","MARICOPA","196","NG 4545B2XF*","1535","1",4.39,0.87,1.14,82.5,9.4,30.4,5.7,78.7,8.75,83.416461971831,8
"88-006",17,"052","WEST","MARICOPA","196","NG 4545B2XF*","1535","2",4.42,0.87,1.18,83.2,7.3,33.75,6,80.1,8.75,69.4633316590126,11.1595174262735
"88-007",17,"052","WEST","MARICOPA","196","PHY 764WRF*","1536","1",3.73,0.85,1.22,84.4,6.4,36.85,7.4,79.6,9.15,85.859226788997,11.5008431703204
"88-008",17,"052","WEST","MARICOPA","196","PHY 764WRF*","1536","2",3.41,0.84,1.19,84.4,6.6,38.05,7.1,78.8,8.75,92.7956970412117,11.1241217798595
"88-013",17,"052","WEST","MARICOPA","196","Acala Daytona RF","1553","1",4.39,0.87,1.21,84.9,6.8,36.4,6.8,79.65,9.05,NA,NA
"88-014",17,"052","WEST","MARICOPA","196","Acala Daytona RF","1553","2",4.9,0.87,1.21,85.6,5.8,33.05,7.6,80.5,8.95,NA,NA
"88-009",17,"052","WEST","MARICOPA","196","DP 1549B2XF","1554","1",4.43,0.86,1.14,82.5,8.5,30.5,6.5,80.05,9.1,NA,NA
"88-010",17,"052","WEST","MARICOPA","196","DP 1549B2XF","1554","2",4.46,0.87,1.18,84.1,7.1,35.55,6.4,80.3,9.2,NA,NA
"36-011",17,"060","PIMA","FIVE POINTS","108","PHY 805RF","1432","1",4.04,0.86,1.41,87.6,4.8,47.8,6.1,60.4,11.15,NA,NA
"36-012",17,"060","PIMA","FIVE POINTS","108","PHY 805RF","1432","2",4.48,0.88,1.41,86.9,4.8,52.2,6,59.4,12.15,NA,NA
"36-013",17,"060","PIMA","FIVE POINTS","108","PHY 802RF","1433","1",3.9,0.86,1.43,87.8,4.8,56.15,6.5,62.35,11.35,NA,NA
"36-014",17,"060","PIMA","FIVE POINTS","108","PHY 802RF","1433","2",4.04,0.87,1.46,89,4.7,51.3,6.3,63.15,11.15,NA,NA
"36-003",17,"060","PIMA","FIVE POINTS","108","DP 358RF","1471","1",4.01,0.87,1.47,88.5,4.8,53.85,6.2,60.65,11.25,82.9180796497487,23.2577525841947
"36-004",17,"060","PIMA","FIVE POINTS","108","DP 358RF","1471","2",3.94,0.86,1.49,89.4,4.8,52.7,6.6,57.9,11.85,111.56184776274,24.8762164930852
"36-001",17,"060","PIMA","FIVE POINTS","108","DP 348RF","1513","1",4.22,0.86,1.36,88.2,4.9,47.3,7.1,61,11.75,88.7696633553362,22.1862761791248
"36-002",17,"060","PIMA","FIVE POINTS","108","DP 348RF","1513","2",4.08,0.87,1.43,88.4,4.8,51.25,6.4,59.35,11.9,85.4143717128984,26.9138755980861
"36-005",17,"060","PIMA","FIVE POINTS","108","PHY 841RF","1531","1",4.31,0.87,1.43,87.1,4.8,52.5,7,57.85,11.7,98.8055770923657,17.8310385857556
"36-006",17,"060","PIMA","FIVE POINTS","108","PHY 841RF","1531","2",4.22,0.87,1.49,87.7,4.8,48.55,6.1,60.6,11.8,96.2815543243773,21.6740387887036
"36-007",17,"060","PIMA","FIVE POINTS","108","PHY 881RF","1532","1",4.12,0.87,1.48,87.7,4.8,53.8,6.3,63.3,11.6,79.1742037498145,20.0509770603229
"36-008",17,"060","PIMA","FIVE POINTS","108","PHY 881RF","1532","2",4.31,0.87,1.52,88.8,4.8,52,6.2,60.7,11.5,86.4695162278635,20.734415029889
"36-009",17,"060","PIMA","FIVE POINTS","108","PHY 888RF","1555","1",4.38,0.87,1.48,87.8,4.8,52.5,6.5,60.7,12.1,NA,NA
"36-010",17,"060","PIMA","FIVE POINTS","108","PHY 888RF","1555","2",4.24,0.87,1.49,86.7,4.8,49.15,6.8,59.15,11.7,NA,NA
"60-043",17,"071","HIGH QUAL","LUBBOCK","012","PHY 444WRF","1459","1",3.6,0.84,1.21,81.3,9.9,29.95,7.1,73.9,9,50.5392185821528,5.06436314363144
"60-044",17,"071","HIGH QUAL","LUBBOCK","012","PHY 444WRF","1459","2",3.63,0.84,1.25,82.2,8.2,31.35,7.4,73.15,9.9,58.1757403524642,6.10328638497653
"60-039",17,"071","HIGH QUAL","LUBBOCK","012","FM 2322GL","1474","1",4.25,0.86,1.2,81.8,8.2,33.4,6.4,71.8,9,66.7597445423022,7.00402144772118
"60-040",17,"071","HIGH QUAL","LUBBOCK","012","FM 2322GL","1474","2",4.21,0.86,1.23,81.6,8.2,32.85,6.3,72.8,9,49.8027143663607,5.11035653650254
"60-041",17,"071","HIGH QUAL","LUBBOCK","012","FM 2334GLT","1483","1",4.18,0.86,1.23,82.4,7.8,33.35,6.8,77.1,8.15,72.8270914573858,5.37273337810612
"60-042",17,"071","HIGH QUAL","LUBBOCK","012","FM 2334GLT","1483","2",4.25,0.86,1.29,82.4,7.1,31.45,6.7,76.35,8.15,72.0778163837258,9.5142378559464
"60-037",17,"071","HIGH QUAL","LUBBOCK","012","FM 1830GLT","1503","1",4.25,0.86,1.25,81.3,8.5,33.3,6.4,76.3,8.05,63.192500275805,4.750553379874
"60-038",17,"071","HIGH QUAL","LUBBOCK","012","FM 1830GLT","1503","2",3.97,0.85,1.29,82.2,6.9,31.4,6.6,76.55,8.2,76.1418981739353,5.57614555256065
"60-029",17,"071","HIGH QUAL","LUBBOCK","012","DP 1646B2XF*","1516","1",4.32,0.85,1.24,82.2,8.1,30.9,8.1,74.4,9.25,51.4461094849737,6.11800201139792
"60-030",17,"071","HIGH QUAL","LUBBOCK","012","DP 1646B2XF*","1516","2",4.05,0.84,1.29,81.6,7.2,28.6,8.1,77.25,8.65,52.8604667328365,5.10135135135136
"60-059",17,"071","HIGH QUAL","LUBBOCK","012","TAM BB-2139","1521","1",3.07,0.83,1.33,80,6.5,32.7,6.6,74.05,9,71.737981297772,8.83977900552485
"60-060",17,"071","HIGH QUAL","LUBBOCK","012","TAM BB-2139","1521","2",3.47,0.84,1.38,82.4,5,33.6,6.5,75.85,8.55,66.4586297053944,5.75079872204473
"60-031",17,"071","HIGH QUAL","LUBBOCK","012","PHY 764WRF*","1536","1",3.72,0.84,1.16,81.9,8.3,34.5,7.9,71.5,9.3,56.5742740993348,8.14502529510961
"60-032",17,"071","HIGH QUAL","LUBBOCK","012","PHY 764WRF*","1536","2",3.66,0.84,1.18,82.4,8.5,35.8,7.4,74.5,9.2,63.6236714980641,6.61309224845136
"60-033",17,"071","HIGH QUAL","LUBBOCK","012","MON 16R341B3XF","1538","1",4.06,0.85,1.24,82.2,8.1,30.5,8.2,78.3,7.9,77.9990566249824,5.48452220726783
"60-034",17,"071","HIGH QUAL","LUBBOCK","012","MON 16R341B3XF","1538","2",3.87,0.84,1.29,82.2,6.9,30.8,8.2,78.35,8.3,54.9665507910279,5.77436582109479
"60-035",17,"071","HIGH QUAL","LUBBOCK","012","MON 16R346B3XF","1539","1",4.02,0.84,1.26,82.5,7.6,30.5,8.9,74.35,8.85,59.8116415040184,6.06670018434725
"60-036",17,"071","HIGH QUAL","LUBBOCK","012","MON 16R346B3XF","1539","2",4.01,0.84,1.31,82.3,5.9,27.55,8,79.15,7.8,50.6062879857513,6.33461474176834
"60-065",17,"071","HIGH QUAL","LUBBOCK","012","NM 13G1029","1540","1",4.26,0.85,1.23,83,7.9,33.6,7.7,74.45,8.65,61.3388055610725,6.07882431529726
"60-066",17,"071","HIGH QUAL","LUBBOCK","012","NM 13G1029","1540","2",4.13,0.85,1.27,83.1,7.9,31.6,7.7,73.65,9.6,54.1745336225597,5.12863628720363
"60-067",17,"071","HIGH QUAL","LUBBOCK","012","NM 13G2019","1541","1",3.72,0.84,1.22,83.2,8,32.15,8,74.25,9.15,57.0863403741308,6.59675236806495
"60-068",17,"071","HIGH QUAL","LUBBOCK","012","NM 13G2019","1541","2",3.67,0.84,1.24,83,8,31.9,8,75.25,8.7,68.3930534066366,6.95754716981132
"60-045",17,"071","HIGH QUAL","LUBBOCK","012","PHY 330W3FE","1542","1",4.47,0.86,1.17,82.7,8.5,32.35,7,70.05,9.45,69.5835284953261,3.06532663316584
"60-046",17,"071","HIGH QUAL","LUBBOCK","012","PHY 330W3FE","1542","2",3.95,0.85,1.17,82.1,9.1,30.75,7.1,70.5,9.75,47.8659415853912,3.69938343609398
"60-048",17,"071","HIGH QUAL","LUBBOCK","012","PHY 450W3FE","1543","2",4.01,0.84,1.16,82.6,8.5,31.8,8.4,75.6,8.85,56.4727982474994,7.37704918032787
"60-047",17,"071","HIGH QUAL","LUBBOCK","012","PHY 450W3FE","1543","1",4.03,0.84,1.12,82.3,8.7,32.85,8.6,72.45,9.25,58.7917996905331,6.56040268456376
"60-049",17,"071","HIGH QUAL","LUBBOCK","012","ARK 0921-58ne","1544","1",3.46,0.83,1.2,80.8,8.9,31.75,8.2,74.85,8.45,68.7172959586604,10.2452133019819
"60-050",17,"071","HIGH QUAL","LUBBOCK","012","ARK 0921-58ne","1544","2",3.37,0.83,1.24,81.4,8.6,31.9,8,75.85,8.65,59.8352905542919,8.77281098275573
"60-051",17,"071","HIGH QUAL","LUBBOCK","012","ARK 0912-41","1545","1",4.61,0.86,1.23,83.4,7.2,30.8,8.3,73.6,9.4,60.7497171555868,6.90411883862256
"60-052",17,"071","HIGH QUAL","LUBBOCK","012","ARK 0912-41","1545","2",4.32,0.85,1.24,83.2,7.5,31.15,8.2,73.15,9.2,59.9188933479579,5.71909167367537
"60-053",17,"071","HIGH QUAL","LUBBOCK","012","ARK 0908-52","1546","1",4.41,0.85,1.2,82.2,8.7,29.35,8.3,78,8.5,57.7730997364452,4.73223307510947
"60-054",17,"071","HIGH QUAL","LUBBOCK","012","ARK 0908-52","1546","2",4.58,0.85,1.27,81.7,7.4,27.05,8.3,79,8.15,54.7112972436057,5.19872547375482
"60-055",17,"071","HIGH QUAL","LUBBOCK","012","LA 11307012","1547","1",4.63,0.86,1.22,81,9.1,29.7,8.1,69.2,10.05,58.8483591164918,8.80293431143714
"60-056",17,"071","HIGH QUAL","LUBBOCK","012","LA 11307012","1547","2",4.73,0.86,1.24,82.9,8.2,29.05,8.2,69.2,10.45,54.7616020718046,5.47347212894561
"60-057",17,"071","HIGH QUAL","LUBBOCK","012","LA 11307105","1548","1",3.82,0.84,1.21,82.9,8.5,30.65,8.4,75.25,9.1,68.9171721765146,7.73213092852372
"60-058",17,"071","HIGH QUAL","LUBBOCK","012","LA 11307105","1548","2",4.24,0.84,1.21,83.3,7.9,30.8,9.5,70.8,9.65,53.2733768412643,8.36945648549516
"60-061",17,"071","HIGH QUAL","LUBBOCK","012","TAM 12I-72","1549","1",4.11,0.85,1.21,83.2,7.9,33.85,7.4,73.25,9.3,66.0139494277929,8.25998645903858
"60-062",17,"071","HIGH QUAL","LUBBOCK","012","TAM 12I-72","1549","2",3.95,0.85,1.23,84.3,7.4,34.3,7.2,73.8,8.65,67.48589361919,7.39181680417579
"60-063",17,"071","HIGH QUAL","LUBBOCK","012","TAM 12J-39","1550","1",4.48,0.86,1.18,84.8,7.1,35.15,7.8,70.85,9.95,70.5146185118461,6.16288832913517
"60-064",17,"071","HIGH QUAL","LUBBOCK","012","TAM 12J-39","1550","2",3.86,0.84,1.2,84.7,7.5,34.9,7.9,77,8.95,77.5564480663802,9.27284856571048
"26-083",17,"071","HIGH QUAL","COLL STA","019","PHY 444WRF","1459","1",3.78,0.85,1.29,86.4,5.5,31.8,6.6,79.8,7.4,71.4516482580934,8.35278426142047
"26-084",17,"071","HIGH QUAL","COLL STA","019","PHY 444WRF","1459","2",3.95,0.85,1.33,86.9,4.3,33.5,6.9,81.5,7.45,74.5679197929716,5.71380414630036
"26-079",17,"071","HIGH QUAL","COLL STA","019","FM 2322GL","1474","1",4.44,0.87,1.24,84.9,5.3,34.85,5.9,77.4,8.25,81.0320820412169,7.4841296358169
"26-080",17,"071","HIGH QUAL","COLL STA","019","FM 2322GL","1474","2",4.6,0.88,1.24,85.8,5.4,36.25,5.9,78.55,7.25,72.4917301810366,8.04943219772879
"26-081",17,"071","HIGH QUAL","COLL STA","019","FM 2334GLT","1483","1",4.49,0.87,1.23,85.4,5.7,34.95,5.8,79.2,7.05,68.0270065459344,8.37248322147651
"26-082",17,"071","HIGH QUAL","COLL STA","019","FM 2334GLT","1483","2",4.54,0.87,1.28,87.1,5.2,32.6,6.3,81.6,5.95,79.1288130021548,5.37652645861601
"26-077",17,"071","HIGH QUAL","COLL STA","019","FM 1830GLT","1503","1",4.33,0.87,1.29,86.1,5.2,34.2,5.7,81.3,6.35,86.2635863874346,4.82993197278911
"26-078",17,"071","HIGH QUAL","COLL STA","019","FM 1830GLT","1503","2",4.74,0.88,1.28,87.1,5.2,34.75,6.4,81.8,6.5,73.735720754717,6.64206642066421
"26-069",17,"071","HIGH QUAL","COLL STA","019","DP 1646B2XF*","1516","1",4.52,0.86,1.28,85.7,5.5,31.8,7.5,81.15,6.9,67.0528911783849,6.178834561286
"26-070",17,"071","HIGH QUAL","COLL STA","019","DP 1646B2XF*","1516","2",4.93,0.87,1.28,85.6,5.5,32.3,8.1,81.15,6.8,66.6050670734774,6.53846153846153
"26-099",17,"071","HIGH QUAL","COLL STA","019","TAM BB-2139","1521","1",3.79,0.86,1.5,86,4,35.35,5,81.95,6.85,81.3561100344171,7.68456375838926
"26-100",17,"071","HIGH QUAL","COLL STA","019","TAM BB-2139","1521","2",3.94,0.86,1.43,85.6,4,34.5,5.4,79.3,7.4,79.6834126317844,7.48528174936922
"26-071",17,"071","HIGH QUAL","COLL STA","019","PHY 764WRF*","1536","1",4.12,0.86,1.23,86.6,5.4,35.05,7.1,76.8,8.35,97.3187172607597,7.91930643547849
"26-072",17,"071","HIGH QUAL","COLL STA","019","PHY 764WRF*","1536","2",4.25,0.86,1.23,87.2,5.4,36,7.2,78.45,7.75,75.4518967748527,6.85160427807487
"26-073",17,"071","HIGH QUAL","COLL STA","019","MON 16R341B3XF","1538","1",4.24,0.85,1.33,86.5,4.5,32.55,8,78.45,6,96.025206971962,11.5782449115782
"26-074",17,"071","HIGH QUAL","COLL STA","019","MON 16R341B3XF","1538","2",4.39,0.85,1.33,87.7,4.3,32.95,8.2,80.65,6.55,82.1059200352785,8.25348798117331
"26-075",17,"071","HIGH QUAL","COLL STA","019","MON 16R346B3XF","1539","1",4.63,0.86,1.31,85.3,5,34.15,7.5,80.1,6.25,61.9552803126558,7.91596638655462
"26-076",17,"071","HIGH QUAL","COLL STA","019","MON 16R346B3XF","1539","2",4.95,0.87,1.36,89,4,32.15,8.2,81.95,6.3,65.4884978774252,6.32762672037596
"26-105",17,"071","HIGH QUAL","COLL STA","019","NM 13G1029","1540","1",4.47,0.86,1.3,86.6,4.8,31.8,7.2,79.55,7.4,98.6070541042302,8.47315436241611
"26-106",17,"071","HIGH QUAL","COLL STA","019","NM 13G1029","1540","2",4.52,0.87,1.33,86,4.4,33.55,6.9,81,7.25,61.301280226393,5.01008742434431
"26-107",17,"071","HIGH QUAL","COLL STA","019","NM 13G2019","1541","1",4.59,0.86,1.26,87.1,4.9,33.3,7.6,75.85,7.1,69.7698472505741,8.63681924490478
"26-108",17,"071","HIGH QUAL","COLL STA","019","NM 13G2019","1541","2",4.28,0.85,1.25,85.8,5.3,32.9,8,78.6,6.9,77.1204392546502,7.07846410684474
"26-085",17,"071","HIGH QUAL","COLL STA","019","PHY 330W3FE","1542","1",4.25,0.86,1.2,85.7,6,33.3,6.5,79.45,7.6,58.7738640059865,15.1626970815163
"26-086",17,"071","HIGH QUAL","COLL STA","019","PHY 330W3FE","1542","2",4.49,0.87,1.23,86.6,6.1,32.15,6.4,78.05,6.75,72.6083559540321,7.30524908057505
"26-088",17,"071","HIGH QUAL","COLL STA","019","PHY 450W3FE","1543","2",4.58,0.87,1.25,85.9,5.3,31.05,6.9,78.05,6.7,72.6399508554602,8.43981170141223
"26-087",17,"071","HIGH QUAL","COLL STA","019","PHY 450W3FE","1543","1",4.99,0.87,1.17,87.9,4.9,33.3,7.9,79.75,7.65,69.3257324702985,7.46218487394958
"26-089",17,"071","HIGH QUAL","COLL STA","019","ARK 0921-58ne","1544","1",4.25,0.86,1.29,86.6,4.7,31.45,7,81,7.55,62.0862678910598,5.59276624246483
"26-090",17,"071","HIGH QUAL","COLL STA","019","ARK 0921-58ne","1544","2",5.23,0.87,1.18,87.1,5.2,34,8.4,78.5,7.4,64.5667804625186,7.16317991631799
"26-091",17,"071","HIGH QUAL","COLL STA","019","ARK 0912-41","1545","1",4.8,0.87,1.27,86.6,5.3,34.25,7.4,79.7,8.15,66.7715547945205,6.36804278789904
"26-092",17,"071","HIGH QUAL","COLL STA","019","ARK 0912-41","1545","2",4.92,0.87,1.29,86.5,5,33.85,7.3,78.2,7.25,75.0163370842215,6.77257525083612
"26-093",17,"071","HIGH QUAL","COLL STA","019","ARK 0908-52","1546","1",4.8,0.87,1.28,85.5,5.4,29.65,7,80.95,7.25,82.329195405519,5.29857022708159
"26-094",17,"071","HIGH QUAL","COLL STA","019","ARK 0908-52","1546","2",4.96,0.87,1.3,86.3,5.1,31.75,7,80.45,6.65,87.1815382766182,5.75079872204473
"26-095",17,"071","HIGH QUAL","COLL STA","019","LA 11307012","1547","1",4.56,0.87,1.28,85.4,5.5,29,6.5,76.8,7.2,57.4719192873899,7.75716694772343
"26-096",17,"071","HIGH QUAL","COLL STA","019","LA 11307012","1547","2",5.03,0.88,1.26,87,5.4,31.05,7,78.2,7.35,68.9236581526581,5.51931761164074
"26-097",17,"071","HIGH QUAL","COLL STA","019","LA 11307105","1548","1",4.8,0.87,1.22,86.7,5.4,32.35,7,79.2,7.3,74.6802202851088,4.34346809221517
"26-098",17,"071","HIGH QUAL","COLL STA","019","LA 11307105","1548","2",4.53,0.87,1.3,87.5,4.5,32.8,6.8,80.05,7.8,78.3860260868119,5.73825503355705
"26-101",17,"071","HIGH QUAL","COLL STA","019","TAM 12I-72","1549","1",4.55,0.87,1.26,85.7,5.3,39.3,7.2,78.9,8.05,69.2559207102403,6.74815807099799
"26-102",17,"071","HIGH QUAL","COLL STA","019","TAM 12I-72","1549","2",4.55,0.87,1.26,85.6,5.1,36.25,6.1,77.9,7.8,67.879356810415,6.77852348993288
"26-103",17,"071","HIGH QUAL","COLL STA","019","TAM 12J-39","1550","1",4.28,0.86,1.24,87.6,4.8,39.25,6.6,77.95,8.9,95.5694578291553,7.23035045933991
"26-104",17,"071","HIGH QUAL","COLL STA","019","TAM 12J-39","1550","2",4.89,0.88,1.19,86.4,5.1,36.85,6.8,75.2,8.8,67.275523763637,9.09395973154363
"85-015",17,"071","HIGH QUAL","ST'VILLE","025","PHY 444WRF","1459","1",3.86832040238296,0.845085841784199,1.3388306317134,88.2615825401444,5.17796806275281,34.1035815334694,7.43462296562398,80.9222251730358,7.70476777244793,73.5361570331447,7.86686838124054
"85-016",17,"071","HIGH QUAL","ST'VILLE","025","PHY 444WRF","1459","2",3.7958474356713,0.843198506823297,1.32512616916866,87.99099441211,5.37087388372776,34.4274483838126,7.47387543857681,80.9356173974255,7.75948403156152,78.8708226224309,7.29411764705883
"85-011",17,"071","HIGH QUAL","ST'VILLE","025","FM 2322GL","1474","1",3.48787751284339,0.841681675141971,1.21046344220095,82.9853235038465,8.33081388465384,35.8043546433897,6.70364186146248,78.3206319487622,7.61859897582495,75.7933633674475,14.8006007008176
"85-012",17,"071","HIGH QUAL","ST'VILLE","025","FM 2322GL","1474","2",3.91970100273521,0.854117450462059,1.28009012315091,86.1635373372548,6.43153807165564,38.4443615074187,6.57480657019309,78.7062420154115,7.43770946821389,62.6192162661737,12.5628983562563
"85-013",17,"071","HIGH QUAL","ST'VILLE","025","FM 2334GLT","1483","1",4.41962316846043,0.86055818990729,1.31117048378507,88.8223710735956,5.45633808830972,35.1226262280903,7.18608196808526,80.282162842983,6.85432010479604,65.3962596981216,10.3372681281619
"85-014",17,"071","HIGH QUAL","ST'VILLE","025","FM 2334GLT","1483","2",4.35590679386236,0.860792744073365,1.31303769724551,88.4872785660034,5.38344626691328,35.5139835773756,6.9541552116495,81.8654708929121,6.74443419653046,63.8407872188171,7.65477792732166
"85-009",17,"071","HIGH QUAL","ST'VILLE","025","FM 1830GLT","1503","1",4.26032530157384,0.85788903437655,1.33218620477727,87.4190108028196,5.25898780689415,34.5518434529877,6.98158489333263,82.0073998061848,6.73985247203805,77.7039686977663,6.99933020763563
"85-010",17,"071","HIGH QUAL","ST'VILLE","025","FM 1830GLT","1503","2",4.42571166531732,0.861232941649873,1.30156124914393,87.2941573228326,5.50146344357293,34.3576604578778,7.06375642312719,81.684056416633,7.02149211978653,75.3843488674073,7.37458193979933
"85-001",17,"071","HIGH QUAL","ST'VILLE","025","DP 1646B2XF*","1516","1",3.82664924285873,0.839991217334404,1.32543151986553,87.2985955686785,5.40726761574062,33.4720648237593,7.9854316425133,80.5854178959504,6.48611079350919,93.8080821837394,6.46891235126529
"85-002",17,"071","HIGH QUAL","ST'VILLE","025","DP 1646B2XF*","1516","2",4.31224245508537,0.851958851447594,1.31816272877281,86.480958776809,5.49408798411009,32.308457767434,7.88104877947999,79.8610705480155,7.03552369470974,63.6108635709978,8.47943358057991
"85-031",17,"071","HIGH QUAL","ST'VILLE","025","TAM BB-2139","1521","1",3.72249498884593,0.847941745438578,1.5019484082618,89.201210479104,5.06577975981698,35.7808723439992,6.61695963637167,81.8949481191981,7.15094498344082,73.980086127122,8.40208789358478
"85-032",17,"071","HIGH QUAL","ST'VILLE","025","TAM BB-2139","1521","2",3.68650293472309,0.84493606107108,1.4430913697389,88.2579632658415,5.10071254799579,35.5569484584367,6.91120579025556,81.6358730740878,7.40564121633046,87.1425903946161,9.80457658259562
"85-003",17,"071","HIGH QUAL","ST'VILLE","025","PHY 764WRF*","1536","1",3.93015388256634,0.847554569797992,1.25704597133087,88.4849168803311,6.07109444362307,38.7870884690718,7.577597285565,79.0403565149902,8.36390363616834,84.8156244688474,9.23803101820633
"85-004",17,"071","HIGH QUAL","ST'VILLE","025","PHY 764WRF*","1536","2",4.09299551106234,0.850376160240649,1.23684590915139,86.9825070835119,6.29616939755777,37.849929356092,7.68120772855562,77.5882779314511,8.74338538024959,82.0683021916198,9.33512424445937
"85-005",17,"071","HIGH QUAL","ST'VILLE","025","MON 16R341B3XF","1538","1",3.45321766901791,0.828192934306071,1.37924938263279,87.861191067807,5.1132782719107,34.7069130287615,8.46018847975243,79.727148304119,6.48896543490605,94.8655156959398,8.50385776585039
"85-006",17,"071","HIGH QUAL","ST'VILLE","025","MON 16R341B3XF","1538","2",3.44224729397116,0.830698071823106,1.35244502440001,87.1521824838755,5.11884628728358,36.7930560434106,8.18727757024064,80.5412378880933,6.59878704637847,77.1847618667332,10.163217230355
"85-007",17,"071","HIGH QUAL","ST'VILLE","025","MON 16R346B3XF","1539","1",3.36748267929372,0.82490902606817,1.3165403367769,85.1323763899239,6.18535530375856,36.2092278533587,8.72582581584683,78.3688152913074,7.2295711717538,68.5182021470397,13.5144255103763
"85-008",17,"071","HIGH QUAL","ST'VILLE","025","MON 16R346B3XF","1539","2",3.63928181027617,0.831309764561985,1.32228135028635,85.8150140363338,5.5214878722559,33.5052996255905,8.58609651542296,81.9217325679774,7.25743943141179,82.8223030292819,10.0117390575214
"85-037",17,"071","HIGH QUAL","ST'VILLE","025","NM 13G1029","1540","1",4.23022810189258,0.85468297000099,1.31427811651068,87.3354128517398,5.35842163654317,35.1927610588718,7.37756492585888,81.8748597826136,7.06957860830289,69.3672681083213,15.6197514276117
"85-038",17,"071","HIGH QUAL","ST'VILLE","025","NM 13G1029","1540","2",4.51375421521407,0.863336417194202,1.27446014653634,85.4569264665403,6.54634819437262,36.5908359716271,7.20231062729868,78.603798665145,7.16841615506422,72.5887739194293,12.7809459912781
"85-039",17,"071","HIGH QUAL","ST'VILLE","025","NM 13G2019","1541","1",4.23464210212455,0.85460675529544,1.32678555342812,86.6989806518847,5.56883940594555,35.2756125906985,7.40892725936353,79.0992393044184,7.72606739705705,78.5767469103511,8.64363942712722
"85-040",17,"071","HIGH QUAL","ST'VILLE","025","NM 13G2019","1541","2",4.47878119255852,0.859921689559789,1.30741452068842,87.6389436636409,5.50104261719787,36.0883465529477,7.54218582199759,79.2813448908601,7.88219787662467,72.0739104934894,6.24472573839663
"85-017",17,"071","HIGH QUAL","ST'VILLE","025","PHY 330W3FE","1542","1",3.76437141250012,0.846842844923738,1.28009545600117,84.9876909070852,6.83974367661148,36.3318693966446,6.95443134709734,79.0349709599768,7.75676643706732,65.6562369428854,9.66716842281318
"85-018",17,"071","HIGH QUAL","ST'VILLE","025","PHY 330W3FE","1542","2",3.97913515029448,0.852146865781919,1.25275463915265,85.7218777054697,7.19243015822682,37.7784070559072,7.02535596724451,81.5722958398089,7.86988785257119,67.1625224502392,9.95965030262273
"85-020",17,"071","HIGH QUAL","ST'VILLE","025","PHY 450W3FE","1543","2",4.50483341894803,0.855062971153312,1.22456443095877,87.9961322690012,6.22545867532046,35.2087602603998,8.27975267404037,76.4815610782483,7.27665311208925,61.6976410159146,10.6916137654527
"85-019",17,"071","HIGH QUAL","ST'VILLE","025","PHY 450W3FE","1543","1",4.7242649952871,0.863873871134357,1.20414194385092,86.7412210561032,7.34832633991938,38.8604285619728,7.99506500688882,77.269557323606,7.72113223671094,73.9268994809512,9.94949494949494
"85-021",17,"071","HIGH QUAL","ST'VILLE","025","ARK 0921-58ne","1544","1",4.22467344766277,0.85128559607694,1.30679297764737,86.6696401330605,5.83255287915423,34.6476961495472,7.81477619616747,80.7896851494646,8.0380424131556,58.908241039967,8.38514535372206
"85-022",17,"071","HIGH QUAL","ST'VILLE","025","ARK 0921-58ne","1544","2",4.3292031387503,0.854060744146479,1.32265264187107,87.4452802377102,5.45420770131712,35.0083832967832,7.80062315135123,80.9918790724908,8.27608697282496,74.846037084399,7.17896865520729
"85-023",17,"071","HIGH QUAL","ST'VILLE","025","ARK 0912-41","1545","1",4.73986166292984,0.863475728730596,1.31729295003974,88.4435875390458,5.40833956229207,34.52025581404,7.84406865816805,77.8707535376713,7.83387581744837,56.9934193518576,9.02369349689127
"85-024",17,"071","HIGH QUAL","ST'VILLE","025","ARK 0912-41","1545","2",4.712522242631,0.860980772793764,1.3222010804676,87.8673715668422,5.40796320433266,33.0066727306115,8.01679641715533,78.4290803010608,7.47584431795896,54.7920989094341,9.05077262693156
"85-025",17,"071","HIGH QUAL","ST'VILLE","025","ARK 0908-52","1546","1",4.86575149725019,0.866987110892583,1.30395133422776,83.8483811422547,6.13303183852163,31.5968154734386,7.59943916135818,80.4187778643863,7.69952711296979,61.6001048710398,7.43774026408156
"85-026",17,"071","HIGH QUAL","ST'VILLE","025","ARK 0908-52","1546","2",4.56745096882985,0.860772288309116,1.31714027069817,84.9037357042092,5.64396731702679,31.6952511346125,7.46243985221194,77.3546051147948,8.22134198110369,58.773858545721,10.185497470489
"85-027",17,"071","HIGH QUAL","ST'VILLE","025","LA 11307012","1547","1",5.16900570489754,0.877334962570414,1.30848426056108,85.5957448827908,5.89742891374766,34.2551531408616,7.32498264828127,73.9757867551902,8.95964877333423,53.8089948789492,9.31479309767129
"85-028",17,"071","HIGH QUAL","ST'VILLE","025","LA 11307012","1547","2",4.90077903800485,0.870999855211022,1.31397994457617,86.6914416846745,5.54666802540469,35.32923971032,7.36905576736458,78.4639430823603,8.50235719269924,58.151911022387,6.25946491670873
"85-029",17,"071","HIGH QUAL","ST'VILLE","025","LA 11307105","1548","1",4.53114407273355,0.86061766039018,1.30918719093611,87.5258458915607,5.60561091498462,34.9892593402318,7.5576756959596,80.4167761970423,7.83497373507585,90.682941090862,8.26321104005386
"85-030",17,"071","HIGH QUAL","ST'VILLE","025","LA 11307105","1548","2",4.67882671201887,0.86571489893577,1.25465077686459,86.1437992897531,6.47710862678964,36.8460736086097,7.44969817611273,81.3774891391402,8.09560473153637,67.6563154001575,6.43167390578016
"85-033",17,"071","HIGH QUAL","ST'VILLE","025","TAM 12I-72","1549","1",4.7435679528728,0.872284802052246,1.28124011858714,86.4887325239367,6.21238468756361,38.129762440659,6.80609508850687,75.1547069590668,8.32621882821295,59.3683717046403,9.55274261603375
"85-034",17,"071","HIGH QUAL","ST'VILLE","025","TAM 12I-72","1549","2",4.46825155117083,0.864661532084775,1.29395251899245,88.0292771846433,5.53055461123731,37.511023106154,6.90865347206009,79.1206381981842,7.22766451887295,87.5257105787791,7.42416624769566
"85-035",17,"071","HIGH QUAL","ST'VILLE","025","TAM 12J-39","1550","1",4.88868876795592,0.877585382076323,1.25851462757579,88.5283228632378,6.02031352112698,43.5858049666391,6.87771997744679,75.2772386459178,8.68885740246009,69.5934739397971,7.67422334172964
"85-036",17,"071","HIGH QUAL","ST'VILLE","025","TAM 12J-39","1550","2",4.66199615333345,0.871723045557627,1.27208910842127,87.1999591307449,5.94621337646749,41.1636908542786,6.78667603252247,76.718617782574,8.5594667014526,77.5327231366383,8.60143357226205
"69-035",17,"071","HIGH QUAL","JACKSON","030","PHY 444WRF","1459","1",4.21,0.86,1.3,86,5.7,34.45,7.5,80.4,6.75,59.1865426695113,6.28140703517588
"69-036",17,"071","HIGH QUAL","JACKSON","030","PHY 444WRF","1459","2",4.58,0.87,1.27,85.2,6.9,31.65,6.9,79.2,6.85,56.9160578383642,6.78523489932887
"69-031",17,"071","HIGH QUAL","JACKSON","030","FM 2322GL","1474","1",4.38,0.87,1.26,84.6,7.1,34.8,6.4,75.55,5.45,62.5449028463363,6.85944855413584
"69-032",17,"071","HIGH QUAL","JACKSON","030","FM 2322GL","1474","2",4.26,0.86,1.24,84,7,37.45,6.3,78.4,6.65,54.6687126119229,5.52095606800201
"69-033",17,"071","HIGH QUAL","JACKSON","030","FM 2334GLT","1483","1",4.67,0.87,1.29,84.6,5.9,32.1,6.3,79.55,5.45,81.8507800453515,6.11045828437133
"69-034",17,"071","HIGH QUAL","JACKSON","030","FM 2334GLT","1483","2",4.55,0.87,1.26,84.4,6.5,34.7,6.7,80.35,5.9,67.6591790261444,1.36722173531988
"69-029",17,"071","HIGH QUAL","JACKSON","030","FM 1830GLT","1503","1",4.25,0.86,1.25,84.3,7.2,32.7,6.8,81.75,6.35,76.5954425506856,6.2205783456624
"69-030",17,"071","HIGH QUAL","JACKSON","030","FM 1830GLT","1503","2",4.58,0.87,1.27,83.9,7.5,35,7,80,5.8,59.7638806733919,6.26570614843357
"69-021",17,"071","HIGH QUAL","JACKSON","030","DP 1646B2XF*","1516","1",4.54,0.86,1.26,82.5,7.5,28.3,7.7,79.2,5.45,59.6334626688828,5.21079258010117
"69-022",17,"071","HIGH QUAL","JACKSON","030","DP 1646B2XF*","1516","2",4.9,0.87,1.25,84,7.3,31.3,7.9,75.75,6.05,52.191975311502,18.5222672064777
"69-051",17,"071","HIGH QUAL","JACKSON","030","TAM BB-2139","1521","1",4.66,0.86,1.25,84.6,6.7,32.8,8.4,76.75,5.7,58.0169165470028,7.79308028216325
"69-052",17,"071","HIGH QUAL","JACKSON","030","TAM BB-2139","1521","2",4.28,0.87,1.51,85.7,4.8,34.35,5.4,79.2,6.3,79.4610972872585,6.53198653198652
"69-023",17,"071","HIGH QUAL","JACKSON","030","PHY 764WRF*","1536","1",4.37,0.85,1.19,84.4,6.7,32.95,7.8,76.85,6,63.1026039387309,8.97822445561139
"69-024",17,"071","HIGH QUAL","JACKSON","030","PHY 764WRF*","1536","2",4.16,0.85,1.2,85.4,6.7,40.05,8.1,76.6,6.45,68.0516892546927,9.77620730270907
"69-025",17,"071","HIGH QUAL","JACKSON","030","MON 16R341B3XF","1538","1",4.24,0.85,1.35,85.2,5.3,30.55,8.2,80.25,5.45,72.0325317818923,7.07770270270271
"69-026",17,"071","HIGH QUAL","JACKSON","030","MON 16R341B3XF","1538","2",4.45,0.85,1.36,85.6,4.9,30.7,8.7,81.15,5.8,67.937274690594,6.24370594159114
"69-027",17,"071","HIGH QUAL","JACKSON","030","MON 16R346B3XF","1539","1",4.77,0.85,1.29,84.5,6.7,29,9.2,78.65,5.35,62.2246539556766,8.43697478991597
"69-028",17,"071","HIGH QUAL","JACKSON","030","MON 16R346B3XF","1539","2",4.8,0.86,1.33,86.6,5,29.1,8.7,79.05,5.75,56.3718235060157,7.40492544814876
"69-057",17,"071","HIGH QUAL","JACKSON","030","NM 13G1029","1540","1",4.53,0.86,1.26,84.5,6.8,36.3,7.6,76.8,5.45,76.1296982916157,10.357624831309
"69-058",17,"071","HIGH QUAL","JACKSON","030","NM 13G1029","1540","2",4.85,0.87,1.26,84.4,6.3,35.85,7.8,77.65,6.35,57.3659994429142,7.31218697829715
"69-059",17,"071","HIGH QUAL","JACKSON","030","NM 13G2019","1541","1",4.38,0.86,1.25,85.5,6.2,35.55,8,78.95,5.8,61.2048531505667,6.51734590771304
"69-060",17,"071","HIGH QUAL","JACKSON","030","NM 13G2019","1541","2",4.7,0.87,1.22,83.5,7.2,35.4,7.6,78.15,6.05,55.5356336738628,6.38692281766095
"69-037",17,"071","HIGH QUAL","JACKSON","030","PHY 330W3FE","1542","1",4.73,0.86,1.19,84.9,6.9,34.25,7.9,74.8,6.3,74.0211050199203,27.1064115474992
"69-038",17,"071","HIGH QUAL","JACKSON","030","PHY 330W3FE","1542","2",4.98,0.87,1.2,84.9,7.4,33.95,7.7,75.8,6.7,54.4794071138573,7.32940185341197
"69-040",17,"071","HIGH QUAL","JACKSON","030","PHY 450W3FE","1543","2",4.94,0.86,1.12,84.8,8.2,35.15,9.1,75.9,6.9,60.4153006625097,7.19557195571956
"69-039",17,"071","HIGH QUAL","JACKSON","030","PHY 450W3FE","1543","1",4.84,0.86,1.12,84.3,6.7,31.1,8.2,78,7.3,68.6856537213096,6.09222484012118
"69-041",17,"071","HIGH QUAL","JACKSON","030","ARK 0921-58ne","1544","1",NA,NA,NA,NA,NA,NA,NA,NA,NA,NA,NA
"69-042",17,"071","HIGH QUAL","JACKSON","030","ARK 0921-58ne","1544","2",4.63,0.87,1.24,84.2,7,32.65,7.7,76.7,6.2,55.6139657904031,8.41232227488151
"69-043",17,"071","HIGH QUAL","JACKSON","030","ARK 0912-41","1545","1",5.03,0.86,1.28,86.2,5.6,30.8,8.8,78.7,6.25,57.1025563734118,9.28319623971798
"69-044",17,"071","HIGH QUAL","JACKSON","030","ARK 0912-41","1545","2",5.15,0.87,1.28,86.1,5.8,33.95,8.2,77.95,6.55,78.5296088852459,5.62174861553952
"69-045",17,"071","HIGH QUAL","JACKSON","030","ARK 0908-52","1546","1",4.55,0.86,1.28,83,7.1,29.55,7.5,76.1,5.5,59.413268083388,6.78481012658228
"69-046",17,"071","HIGH QUAL","JACKSON","030","ARK 0908-52","1546","2",5.11,0.88,1.24,84.3,6.9,31,7.8,76.75,5.4,60.3132993630573,6.15332885003362
"69-047",17,"071","HIGH QUAL","JACKSON","030","LA 11307012","1547","1",4.89,0.87,1.26,84.9,6.8,29.3,7.8,72.75,6.15,57.1158140442133,7.47319034852547
"69-048",17,"071","HIGH QUAL","JACKSON","030","LA 11307012","1547","2",5.16,0.88,1.25,84.3,6.9,30.7,8,74.8,6.9,54.3446243989145,7.7116935483871
"69-049",17,"071","HIGH QUAL","JACKSON","030","LA 11307105","1548","1",4.65,0.86,1.24,84.4,6.9,33.95,8.2,76.15,6.05,64.0844160518091,8.43781768891902
"69-050",17,"071","HIGH QUAL","JACKSON","030","LA 11307105","1548","2",4.6,0.86,1.26,85,6.8,32.95,8,78.1,6.55,56.7449573830692,6.65540540540541
"69-053",17,"071","HIGH QUAL","JACKSON","030","TAM 12I-72","1549","1",4.82,0.88,1.28,85.7,6.1,36.35,6.7,77.25,6.85,66.4808454100472,7.35967441071731
"69-054",17,"071","HIGH QUAL","JACKSON","030","TAM 12I-72","1549","2",4.76,0.87,1.21,85.7,6.4,38.6,7.3,77.65,6.25,61.6799945955684,2.80210157618214
"69-055",17,"071","HIGH QUAL","JACKSON","030","TAM 12J-39","1550","1",5.12,0.88,1.17,86.7,5.8,40.45,7.4,72.8,6.2,67.6591696304265,6.56565656565656
"69-056",17,"071","HIGH QUAL","JACKSON","030","TAM 12J-39","1550","2",4.98,0.88,1.23,85.4,6.3,39.25,7,73,6.5,66.9560725998356,10.2387357094822
"21-035",17,"071","HIGH QUAL","PORTAG","075","PHY 444WRF","1459","1",4.72,0.87,1.25,81.8,8.9,31.45,7.4,73.8,7.2,NA,NA
"21-036",17,"071","HIGH QUAL","PORTAG","075","PHY 444WRF","1459","2",4.82,0.86,1.21,86.5,6,36.2,9.1,70.05,7.05,NA,NA
"21-031",17,"071","HIGH QUAL","PORTAG","075","FM 2322GL","1474","1",4.39,0.87,1.28,85.2,6.6,36.5,6.5,73.45,6,NA,NA
"21-032",17,"071","HIGH QUAL","PORTAG","075","FM 2322GL","1474","2",4.22,0.86,1.26,86.8,6.2,39.95,7.8,68.7,7.15,NA,NA
"21-033",17,"071","HIGH QUAL","PORTAG","075","FM 2334GLT","1483","1",4.58,0.87,1.24,86.5,6,41.3,7.1,68.3,7.3,NA,NA
"21-034",17,"071","HIGH QUAL","PORTAG","075","FM 2334GLT","1483","2",4.65,0.87,1.26,85.5,6.9,35.3,7.4,72.3,6.75,NA,NA
"21-029",17,"071","HIGH QUAL","PORTAG","075","FM 1830GLT","1503","1",4.57,0.86,1.3,87.6,5.6,36.15,7.6,69.25,6.55,NA,NA
"21-030",17,"071","HIGH QUAL","PORTAG","075","FM 1830GLT","1503","2",4.59,0.87,1.24,86.5,6.9,35.1,7.1,68.05,6.85,NA,NA
"21-021",17,"071","HIGH QUAL","PORTAG","075","DP 1646B2XF*","1516","1",4.71,0.87,1.24,87.4,6.1,39.35,6.8,66.6,6.5,NA,NA
"21-022",17,"071","HIGH QUAL","PORTAG","075","DP 1646B2XF*","1516","2",4.49,0.86,1.3,85.1,6.6,32.9,8.1,73.1,6.15,NA,NA
"21-051",17,"071","HIGH QUAL","PORTAG","075","TAM BB-2139","1521","1",4.93,0.86,1.19,86,6.8,39,9.4,68.8,6.95,NA,NA
"21-052",17,"071","HIGH QUAL","PORTAG","075","TAM BB-2139","1521","2",5.03,0.88,1.29,85.6,6.2,35.45,6.2,68.45,6.75,NA,NA
"21-023",17,"071","HIGH QUAL","PORTAG","075","PHY 764WRF*","1536","1",4.25,0.86,1.22,83.8,8.3,34.05,6.5,76.8,6.4,NA,NA
"21-024",17,"071","HIGH QUAL","PORTAG","075","PHY 764WRF*","1536","2",4.08,0.86,1.31,85.5,5.9,37.4,6.9,70.75,5.95,NA,NA
"21-025",17,"071","HIGH QUAL","PORTAG","075","MON 16R341B3XF","1538","1",5,0.88,1.2,82.9,7.7,35.85,6.1,71.3,7.9,NA,NA
"21-026",17,"071","HIGH QUAL","PORTAG","075","MON 16R341B3XF","1538","2",3.88,0.86,1.47,85,4.8,37.75,6,69.8,6.15,NA,NA
"21-027",17,"071","HIGH QUAL","PORTAG","075","MON 16R346B3XF","1539","1",4.97,0.87,1.28,84.5,6.9,34.1,7.8,68.8,7.45,NA,NA
"21-028",17,"071","HIGH QUAL","PORTAG","075","MON 16R346B3XF","1539","2",5.01,0.87,1.31,85.4,5.8,32.4,7.2,68.1,7.15,NA,NA
"21-057",17,"071","HIGH QUAL","PORTAG","075","NM 13G1029","1540","1",4.28,0.85,1.32,84.7,6.2,33.25,8.4,73.1,6.2,NA,NA
"21-058",17,"071","HIGH QUAL","PORTAG","075","NM 13G1029","1540","2",3.61,0.85,1.5,86.2,4.8,37.75,5.6,70.65,6.55,NA,NA
"21-059",17,"071","HIGH QUAL","PORTAG","075","NM 13G2019","1541","1",4.76,0.87,1.29,86,6,34.8,7.5,65.5,6.5,NA,NA
"21-060",17,"071","HIGH QUAL","PORTAG","075","NM 13G2019","1541","2",4.42,0.86,1.31,85,5.9,32.15,7.8,68.75,6.25,NA,NA
"21-037",17,"071","HIGH QUAL","PORTAG","075","PHY 330W3FE","1542","1",4.06,0.85,1.31,85.2,6.4,34.7,7.4,67.25,6.2,NA,NA
"21-038",17,"071","HIGH QUAL","PORTAG","075","PHY 330W3FE","1542","2",3.98,0.84,1.35,86,5.3,32.2,8.3,70.45,6.1,NA,NA
"21-040",17,"071","HIGH QUAL","PORTAG","075","PHY 450W3FE","1543","2",3.76,0.84,1.36,85.1,5.2,34.05,8,72.15,5.4,NA,NA
"21-039",17,"071","HIGH QUAL","PORTAG","075","PHY 450W3FE","1543","1",4.48,0.86,1.27,86.4,6.5,35.45,7.2,73.3,7,NA,NA
"21-041",17,"071","HIGH QUAL","PORTAG","075","ARK 0921-58ne","1544","1",4.44,0.87,1.24,86.5,6.1,43,6.9,67,7.1,NA,NA
"21-042",17,"071","HIGH QUAL","PORTAG","075","ARK 0921-58ne","1544","2",4.62,0.86,1.3,84.9,5.7,37.6,7.5,69.1,5.85,NA,NA
"21-043",17,"071","HIGH QUAL","PORTAG","075","ARK 0912-41","1545","1",4.33,0.86,1.3,86.9,5.9,35.15,6.8,72.3,7.05,NA,NA
"21-044",17,"071","HIGH QUAL","PORTAG","075","ARK 0912-41","1545","2",4.57,0.86,1.29,85.4,6.3,33.2,7.1,72.2,6.8,NA,NA
"21-045",17,"071","HIGH QUAL","PORTAG","075","ARK 0908-52","1546","1",4.78,0.88,1.29,85.7,5.8,37.6,6.1,68.1,6.4,NA,NA
"21-046",17,"071","HIGH QUAL","PORTAG","075","ARK 0908-52","1546","2",3.82,0.84,1.34,84.9,5.7,33.7,8.4,71.2,5.5,NA,NA
"21-047",17,"071","HIGH QUAL","PORTAG","075","LA 11307012","1547","1",4.75,0.87,1.27,85.3,6.7,34.75,6.6,76.65,6.45,NA,NA
"21-048",17,"071","HIGH QUAL","PORTAG","075","LA 11307012","1547","2",4.17,0.85,1.25,85,6.8,31.55,7.8,70.55,6.45,NA,NA
"21-049",17,"071","HIGH QUAL","PORTAG","075","LA 11307105","1548","1",4.61,0.87,1.26,86,6.4,39.15,7.8,69.95,6.75,NA,NA
"21-050",17,"071","HIGH QUAL","PORTAG","075","LA 11307105","1548","2",4.01,0.86,1.3,85.7,5.9,35.5,6.6,74.95,6.25,NA,NA
"21-053",17,"071","HIGH QUAL","PORTAG","075","TAM 12I-72","1549","1",4.83,0.88,1.27,83,8,36.3,6.8,74.05,6.75,NA,NA
"21-054",17,"071","HIGH QUAL","PORTAG","075","TAM 12I-72","1549","2",4.57,0.87,1.22,85.1,7.9,35.5,7.1,69.55,6.7,NA,NA
"21-055",17,"071","HIGH QUAL","PORTAG","075","TAM 12J-39","1550","1",5.04,0.88,1.32,86.6,5.4,32.25,7,67.6,7.3,NA,NA
"21-056",17,"071","HIGH QUAL","PORTAG","075","TAM 12J-39","1550","2",4.01,0.85,1.31,83.6,6.2,35.95,7.7,71.9,6.2,NA,NA
"28-035",17,"071","HIGH QUAL","KEISER","184","PHY 444WRF","1459","1",4.40753196787254,0.855340653579789,1.28390278014057,86.9356046177923,6.44445630969297,31.6929007114999,7.68823300617313,79.8275899870414,6.89816872399496,NA,NA
"28-036",17,"071","HIGH QUAL","KEISER","184","PHY 444WRF","1459","2",4.38639308606973,0.85668235676603,1.29994661607336,87.24586945991,5.58555818421209,31.3731247722572,7.40196146941834,81.2207857811524,7.17549539690538,NA,NA
"28-031",17,"071","HIGH QUAL","KEISER","184","FM 2322GL","1474","1",4.59716357919787,0.867086937462523,1.25756036267168,86.5811475973825,6.84171100523932,33.991794143624,6.79496947423917,79.8791572172559,7.25366202017229,NA,NA
"28-032",17,"071","HIGH QUAL","KEISER","184","FM 2322GL","1474","2",4.39131176406428,0.860972320174696,1.27837274302751,85.276070198011,6.63863812035402,33.2978147349812,6.91741415472465,80.128223925646,7.68353379547854,NA,NA
"28-033",17,"071","HIGH QUAL","KEISER","184","FM 2334GLT","1483","1",4.80413873677597,0.868049381900782,1.24213648156705,86.1740012109548,6.81196155543699,32.1468088672934,7.2651685452433,81.1236563227555,6.06100384673929,NA,NA
"28-034",17,"071","HIGH QUAL","KEISER","184","FM 2334GLT","1483","2",4.75624175724258,0.865676671725525,1.28670711652706,87.9090402787882,5.64445199370264,31.1816210723067,7.38190345530622,82.2135970638992,6.70637649189665,NA,NA
"28-029",17,"071","HIGH QUAL","KEISER","184","FM 1830GLT","1503","1",4.89887605177703,0.869943184561085,1.23659570711285,86.3692644657429,6.7089848628962,32.7599027145795,7.35919596397282,82.4505821050809,6.50826019850933,NA,NA
"28-030",17,"071","HIGH QUAL","KEISER","184","FM 1830GLT","1503","2",4.84538078230855,0.868280838102153,1.31183324812058,87.7315275596175,5.52986506061678,33.0759683991371,7.4316236781066,81.9156559028013,6.22743711565963,NA,NA
"28-021",17,"071","HIGH QUAL","KEISER","184","DP 1646B2XF*","1516","1",4.79455879975261,0.857297094570982,1.2669040114668,86.3133403829077,6.63141549038865,29.5206332979168,8.62220634238708,81.7133524230001,6.47822673860719,NA,NA
"28-022",17,"071","HIGH QUAL","KEISER","184","DP 1646B2XF*","1516","2",4.83576855790092,0.859710876264741,1.25355710496442,85.614801653625,7.1095323541371,28.0979660665882,8.33176337782591,81.2750027909874,6.96083475107387,NA,NA
"28-051",17,"071","HIGH QUAL","KEISER","184","TAM BB-2139","1521","1",4.50838434840176,0.862208282936767,1.42185789372463,87.5195911581059,5.09596148119692,32.9823851840258,7.12779318413698,80.7233434745351,6.75711259477707,NA,NA
"28-052",17,"071","HIGH QUAL","KEISER","184","TAM BB-2139","1521","2",4.32495840811503,0.858745831376074,1.39782507395143,86.4537875219635,5.12786715955026,32.5840102776062,6.96404151016999,81.0051996337366,6.8828453231393,NA,NA
"28-023",17,"071","HIGH QUAL","KEISER","184","PHY 764WRF*","1536","1",4.3991025335944,0.852678048018012,1.23429876042817,86.9595598704067,6.63762179290168,34.8500016211831,8.23361237385093,78.9575581699531,7.32279436119309,NA,NA
"28-024",17,"071","HIGH QUAL","KEISER","184","PHY 764WRF*","1536","2",4.55284834919425,0.859700208760392,1.22833921925582,86.1829434117261,7.21633473539225,36.6335833133236,7.86494414232516,78.4464758601386,7.25547800203824,NA,NA
"28-025",17,"071","HIGH QUAL","KEISER","184","MON 16R341B3XF","1538","1",4.58822619355096,0.852777881443651,1.26728964898301,86.2943911579565,6.86929379702236,32.2277443709572,8.71892161791669,81.1765341101514,5.84060472413768,NA,NA
"28-026",17,"071","HIGH QUAL","KEISER","184","MON 16R341B3XF","1538","2",4.42590905370202,0.846555815390139,1.28240319233664,85.7982720033864,6.21175845454403,30.0706194860042,8.91985699300052,82.2992643021066,6.18836390720192,NA,NA
"28-027",17,"071","HIGH QUAL","KEISER","184","MON 16R346B3XF","1539","1",4.56395123257763,0.849343676797633,1.31797514724926,87.2621525458078,5.49076364306783,29.7399743118235,8.97869945135564,83.5465278482568,6.74244405201728,NA,NA
"28-028",17,"071","HIGH QUAL","KEISER","184","MON 16R346B3XF","1539","2",4.69972555987702,0.85087034671424,1.29940955325968,87.2569812604011,5.78153641620003,28.9949249632739,9.18629557593144,83.4353867184514,6.58564549869252,NA,NA
"28-057",17,"071","HIGH QUAL","KEISER","184","NM 13G1029","1540","1",4.5898763542408,0.85940227797971,1.28278362386034,86.5109240726925,6.23529829552572,33.7205827171832,7.86048695676732,78.8735731571383,6.65663636267589,NA,NA
"28-058",17,"071","HIGH QUAL","KEISER","184","NM 13G1029","1540","2",4.93383369613936,0.867216798016784,1.25987957106759,86.5144161581093,6.48129116857762,32.8167735392956,7.87718573032386,78.008607453112,6.63258118510197,NA,NA
"28-059",17,"071","HIGH QUAL","KEISER","184","NM 13G2019","1541","1",4.61131428622146,0.857682466746808,1.27883600771045,87.3240955898591,5.92709255109361,33.6045582338923,8.17590790584119,77.8525952052869,6.13589029708088,NA,NA
"28-060",17,"071","HIGH QUAL","KEISER","184","NM 13G2019","1541","2",4.77802895953434,0.861565978470739,1.25435689101295,87.0885625825313,6.35706048008394,31.1361127948537,8.04731535525207,79.5303399361062,6.8558476871929,NA,NA
"28-037",17,"071","HIGH QUAL","KEISER","184","PHY 330W3FE","1542","1",4.97922497055528,0.86893307054597,1.19047628777945,85.6591031844487,7.53612881263313,30.5401722805637,7.6501263833549,79.0028009561841,7.03787318749979,NA,NA
"28-038",17,"071","HIGH QUAL","KEISER","184","PHY 330W3FE","1542","2",5.00948241059221,0.872057314815912,1.17166063147707,86.0293793000606,7.50106074303814,31.1247750393984,7.34066076953066,79.3389171231068,7.82666062490678,NA,NA
"28-040",17,"071","HIGH QUAL","KEISER","184","PHY 450W3FE","1543","2",5.45633642688268,0.876809714122016,1.13306219134442,86.9717593817992,7.09317441306122,32.3183563659665,8.28372962898783,76.3952027298782,7.35859764168967,NA,NA
"28-039",17,"071","HIGH QUAL","KEISER","184","PHY 450W3FE","1543","1",5.35956619362994,0.872933966764526,1.15159459362346,85.9532939713872,6.6586938551044,33.4400637285512,8.57319585584516,78.4960414230091,7.75235942612783,NA,NA
"28-041",17,"071","HIGH QUAL","KEISER","184","ARK 0921-58ne","1544","1",4.94921273782698,0.864552292989129,1.29256258901366,87.727210500517,5.71850288722906,32.284349869151,8.28243713282628,79.5618188297363,7.12804930207209,NA,NA
"28-042",17,"071","HIGH QUAL","KEISER","184","ARK 0921-58ne","1544","2",4.84522815665858,0.86013788943071,1.2719903476339,86.9900809215253,6.09742345841318,33.4347623427053,8.62614164525909,79.2337809953336,7.25112944977519,NA,NA
"28-043",17,"071","HIGH QUAL","KEISER","184","ARK 0912-41","1545","1",5.23867692860578,0.86760020248528,1.24267597872632,87.4569988004803,6.24284000435776,32.2729615280242,8.85027031002958,79.5524299400347,6.79803038181806,NA,NA
"28-044",17,"071","HIGH QUAL","KEISER","184","ARK 0912-41","1545","2",5.28918088304512,0.870815086357728,1.26207171683579,89.2411968599389,5.93578809719475,33.0227920391346,8.60822715174052,79.0208876254245,7.25943381868491,NA,NA
"28-045",17,"071","HIGH QUAL","KEISER","184","ARK 0908-52","1546","1",4.88640784157466,0.861973113984799,1.28050952104603,86.3681220450391,6.20611727728655,28.3034437139051,8.19451668983929,79.0911609718982,6.81475237381398,NA,NA
"28-046",17,"071","HIGH QUAL","KEISER","184","ARK 0908-52","1546","2",5.19966856886883,0.869066131872176,1.28394182463164,87.1993065845512,6.11022463478012,28.6147371693941,8.281851637297,82.3696093117243,7.18795028628639,NA,NA
"28-047",17,"071","HIGH QUAL","KEISER","184","LA 11307012","1547","1",5.30121183498697,0.875309129069876,1.26764605042866,86.9311175307018,6.50629912446897,30.0477788389322,7.82250950659385,77.320433443658,7.63518838766665,NA,NA
"28-048",17,"071","HIGH QUAL","KEISER","184","LA 11307012","1547","2",5.46818647489594,0.879258954113035,1.24307210033149,86.5322753131228,6.32303553371034,30.1161337154274,7.83879067448569,76.7748077944954,7.60224802633554,NA,NA
"28-049",17,"071","HIGH QUAL","KEISER","184","LA 11307105","1548","1",4.82771668689532,0.862571576480088,1.2606104083284,87.6473752014474,6.40383523529626,34.251242740344,8.26391651675033,79.1594326510279,6.50825416929604,NA,NA
"28-050",17,"071","HIGH QUAL","KEISER","184","LA 11307105","1548","2",4.93581749059299,0.862638363799916,1.24943814209347,87.5978224723894,6.4243966892874,30.6203257934417,8.41088236398508,79.5926066132037,6.96145207412357,NA,NA
"28-053",17,"071","HIGH QUAL","KEISER","184","TAM 12I-72","1549","1",5.01885132662442,0.875448469862619,1.26278166265634,86.9658612624408,6.31490356171921,36.3291050692186,7.19959687574916,76.0898743464229,6.39137237139865,NA,NA
"28-054",17,"071","HIGH QUAL","KEISER","184","TAM 12I-72","1549","2",5.0398675868092,0.874412546543436,1.22835598682407,87.70201302217,5.98445158803349,33.8822991509299,7.27395100825143,79.6602588453146,7.67422451627039,NA,NA
"28-055",17,"071","HIGH QUAL","KEISER","184","TAM 12J-39","1550","1",5.41329403472296,0.886044684863944,1.17179856304686,86.9645492770824,6.58837020840808,40.1675307580086,7.27822218059452,74.6324818710142,7.63957157434214,NA,NA
"28-056",17,"071","HIGH QUAL","KEISER","184","TAM 12J-39","1550","2",5.40688022437156,0.884142263259125,1.19072655759059,87.1246937528424,6.20019233065538,37.3622187562356,7.36024421315718,75.0797391677423,8.61437940961817,NA,NA
"26-127",17,"160","BLACKLD","THRALL","181","PHY 499WRF*","1404","1",4.75,0.86,1.03,83,10.3,32.3,7.7,76.15,8.2,84.0176513255567,10.5103587670541
"26-128",17,"160","BLACKLD","THRALL","181","PHY 499WRF*","1404","2",4.49,0.85,1.07,84,6.7,30.75,8.3,72,8.5,76.8332676153091,8.13758389261745
"26-137",17,"160","BLACKLD","THRALL","181","PHY 312WRF","1497","1",4.5,0.86,1.1,83.9,7.9,30.15,7,73.5,9.3,NA,NA
"26-138",17,"160","BLACKLD","THRALL","181","PHY 312WRF","1497","2",4.62,0.87,1.09,85.3,6.6,30.15,6.7,72.45,9.55,NA,NA
"26-139",17,"160","BLACKLD","THRALL","181","FM 1830GLT","1503","1",4.5,0.87,1.13,83,8,30.3,5.7,75.1,7.85,NA,NA
"26-140",17,"160","BLACKLD","THRALL","181","FM 1830GLT","1503","2",4.28,0.86,1.14,83.7,7.4,29.2,5.9,74.5,7.75,NA,NA
"26-129",17,"160","BLACKLD","THRALL","181","DP 1646B2XF*","1516","1",4.66,0.86,1.14,82.8,8.4,29.4,7.6,73.35,8.5,82.513874830829,7.15488215488216
"26-130",17,"160","BLACKLD","THRALL","181","DP 1646B2XF*","1516","2",4.76,0.86,1.12,82.7,7.9,28.35,7.8,74.85,8.25,80.7293771438696,10.7885906040268
"26-131",17,"160","BLACKLD","THRALL","181","NG 4545B2XF*","1535","1",4.2,0.87,1.06,82.8,8.3,26.35,5.2,71.75,9.8,88.428758308264,9.68280467445743
"26-132",17,"160","BLACKLD","THRALL","181","NG 4545B2XF*","1535","2",4.35,0.87,1.04,81.9,9.9,27.05,5.5,69.9,9,80.7771468183434,8.24517212426532
"26-133",17,"160","BLACKLD","THRALL","181","PHY 764WRF*","1536","1",4.08,0.85,1.1,82.1,8.9,31.75,7,73.8,10.3,100.632261295258,7.96103459858919
"26-134",17,"160","BLACKLD","THRALL","181","PHY 764WRF*","1536","2",4.09,0.85,1.17,85.9,6,37.9,7.3,70.6,8.9,85.3602443334998,10.1261564339781
"26-135",17,"160","BLACKLD","THRALL","181","DP 1522B2XF","1537","1",4.91,0.86,1.06,82.3,9.3,29.7,8.2,75.95,8.9,NA,NA
"26-136",17,"160","BLACKLD","THRALL","181","DP 1522B2XF","1537","2",4.37,0.85,1.08,84.1,7.5,30.7,8.1,71.5,8.6,NA,NA
"26-141",17,"160","BLACKLD","THRALL","181","DG 3385B2XF","1551","1",4.37,0.85,1.12,85,7.4,30.55,8.2,72.65,9.35,NA,NA
"26-142",17,"160","BLACKLD","THRALL","181","DG 3385B2XF","1551","2",4.38,0.85,1.08,84.5,6.8,28.65,7.9,70.65,9.4,NA,NA
"26-143",17,"160","BLACKLD","THRALL","181","NG 4601B2XF","1552","1",5.04,0.88,1.07,84.1,7.3,31.1,7,73.3,8.45,NA,NA
"26-144",17,"160","BLACKLD","THRALL","181","NG 4601B2XF","1552","2",5.01,0.87,1.07,84.3,7,33.2,7.3,74.1,8.65,NA,NA
"26-109",17,"160","BLACKLD","COMMERCE","194","PHY 499WRF*","1404","1",5.34,0.87,1.1,85.9,5.6,31.55,9.5,73.6,8.35,81.9690719672411,7.36206607412376
"26-110",17,"160","BLACKLD","COMMERCE","194","PHY 499WRF*","1404","2",5.25,0.87,1.15,87.1,4.7,34.1,9.2,76.45,8.25,88.4504268096515,5.1926298157454
"26-119",17,"160","BLACKLD","COMMERCE","194","PHY 312WRF","1497","1",5.6,0.89,1.12,85.6,5.7,31.15,7.6,74.55,8.2,NA,NA
"26-120",17,"160","BLACKLD","COMMERCE","194","PHY 312WRF","1497","2",5.21,0.88,1.21,85.5,5.6,32.05,7.4,77.3,8.35,NA,NA
"26-121",17,"160","BLACKLD","COMMERCE","194","FM 1830GLT","1503","1",5.44,0.89,1.16,85.4,5.4,34.15,6.9,78.95,7.4,NA,NA
"26-122",17,"160","BLACKLD","COMMERCE","194","FM 1830GLT","1503","2",5.13,0.88,1.21,86.6,4.9,34.45,6.5,78.1,7.35,NA,NA
"26-111",17,"160","BLACKLD","COMMERCE","194","DP 1646B2XF*","1516","1",5.37,0.87,1.19,84,6.9,32.95,8.8,75,7.7,64.4044172766478,8.47058823529412
"26-112",17,"160","BLACKLD","COMMERCE","194","DP 1646B2XF*","1516","2",5.38,0.88,1.18,83.7,7,30.65,7.8,78.15,7.8,69.9095249423225,16.6050420168067
"26-113",17,"160","BLACKLD","COMMERCE","194","NG 4545B2XF*","1535","1",5.21,0.89,1.11,83.4,7.4,32,6.1,76.4,8.5,102.650531452965,6.95375335120643
"26-114",17,"160","BLACKLD","COMMERCE","194","NG 4545B2XF*","1535","2",5.27,0.89,1.14,84.7,6.1,33.9,6.3,75.55,8.4,81.2762578979344,8.17694369973191
"26-115",17,"160","BLACKLD","COMMERCE","194","PHY 764WRF*","1536","1",4.63,0.86,1.16,84.9,5.6,37,7.9,75.8,8.35,83.5108028600269,7.95359004540104
"26-116",17,"160","BLACKLD","COMMERCE","194","PHY 764WRF*","1536","2",4.63,0.86,1.19,86.5,4.4,35.4,8.2,76.15,8.3,95.7705211267606,10.1344537815126
"26-117",17,"160","BLACKLD","COMMERCE","194","DP 1522B2XF","1537","1",5.74,0.87,1.1,83.4,5.9,30,9.7,74.95,8.55,NA,NA
"26-118",17,"160","BLACKLD","COMMERCE","194","DP 1522B2XF","1537","2",5.77,0.88,1.12,84.5,5.3,31.9,9.3,76.5,8.3,NA,NA
"26-123",17,"160","BLACKLD","COMMERCE","194","DG 3385B2XF","1551","1",5.55,0.88,1.11,85.8,5.9,30.15,8.5,74.5,8.55,NA,NA
"26-124",17,"160","BLACKLD","COMMERCE","194","DG 3385B2XF","1551","2",5.93,0.88,1.05,84,5.9,29.6,9.1,74.85,8.45,NA,NA
"26-125",17,"160","BLACKLD","COMMERCE","194","NG 4601B2XF","1552","1",5.56,0.89,1.19,85.3,5,34.8,7.7,77.35,7.75,NA,NA
"26-126",17,"160","BLACKLD","COMMERCE","194","NG 4601B2XF","1552","2",5.62,0.89,1.14,82.3,7.4,34.1,7.9,78,7.55,NA,NA
