year,loc,lat,lon,irrigation,str_emmean
1980,"Altus, OK",34.6378,99.334,irrigated,25.32304737365894
1981,"Altus, OK",34.6378,99.334,irrigated,26.123065701173736
1982,"Altus, OK",34.6378,99.334,irrigated,26.911631858841236
1983,"Altus, OK",34.6378,99.334,irrigated,28.632311983168407
1984,"Altus, OK",34.6378,99.334,irrigated,28.188070297811855
1985,"Altus, OK",34.6378,99.334,irrigated,29.824433934175495
1986,"Altus, OK",34.6378,99.334,irrigated,28.960797570539135
1987,"Altus, OK",34.6378,99.334,irrigated,27.411772030461034
1988,"Altus, OK",34.6378,99.334,irrigated,25.41934778803681
1990,"Altus, OK",34.6378,99.334,irrigated,29.612323261347722
1993,"Altus, OK",34.6378,99.334,irrigated,28.12622235387988
1994,"Altus, OK",34.6378,99.334,irrigated,31.560121569251187
1996,"Altus, OK",34.6378,99.334,irrigated,26.523886592025303
1997,"Altus, OK",34.6378,99.334,irrigated,29.72843204657076
1998,"Altus, OK",34.6378,99.334,irrigated,31.273886592025296
1999,"Altus, OK",34.6378,99.334,irrigated,34.339569233386605
2000,"Altus, OK",34.6378,99.334,irrigated,33.762646156463504
2001,"Altus, OK",34.6378,99.334,irrigated,30.49341538723275
2002,"Altus, OK",34.6378,99.334,irrigated,35.327720430358845
2003,"Altus, OK",34.6378,99.334,irrigated,32.6347003219617
2004,"Altus, OK",34.6378,99.334,NA,29.94310504574347
2005,"Altus, OK",34.6378,99.334,NA,30.938466871804117
2006,"Altus, OK",34.6378,99.334,NA,33.974181157518416
2007,"Altus, OK",34.6378,99.334,NA,31.402752586089832
2008,"Altus, OK",34.6378,99.334,NA,33.34820313770035
2009,"Altus, OK",34.6378,99.334,NA,33.39057637840507
2016,"Altus, OK",34.6378,99.334,irrigated,32.75057574999592
2017,"Altus, OK",34.6378,99.334,NA,35.64121587374276
2018,"Altus, OK",34.6378,99.334,NA,33.90562669698461
1980,"Ames Plantation, TN",35.1151,89.2157,NA,27.165754098710792
1981,"Ames Plantation, TN",35.1151,89.2157,NA,29.813343764543653
1983,"Anthony, NM",32.004,106.6058,NA,23.937917893893026
1984,"Anthony, NM",32.004,106.6058,NA,23.839356679075973
1980,"Artesia, NM",32.8423,104.4033,irrigated,26.042849445509546
1981,"Artesia, NM",32.8423,104.4033,irrigated,27.87116934166326
1983,"Artesia, NM",32.8423,104.4033,irrigated,27.12273597904633
1984,"Artesia, NM",32.8423,104.4033,irrigated,28.723643200348036
1985,"Artesia, NM",32.8423,104.4033,irrigated,27.46545655999825
1986,"Artesia, NM",32.8423,104.4033,irrigated,31.60776336948721
1987,"Artesia, NM",32.8423,104.4033,irrigated,24.850496528559287
1988,"Artesia, NM",32.8423,104.4033,irrigated,21.483684997907712
1989,"Artesia, NM",32.8423,104.4033,irrigated,27.191750442567436
1990,"Artesia, NM",32.8423,104.4033,irrigated,28.75501773364122
1991,"Artesia, NM",32.8423,104.4033,irrigated,23.300094366559374
1992,"Artesia, NM",32.8423,104.4033,irrigated,28.546504340020658
1993,"Artesia, NM",32.8423,104.4033,irrigated,28.400122458176966
1994,"Artesia, NM",32.8423,104.4033,irrigated,31.321809746357832
1995,"Artesia, NM",32.8423,104.4033,irrigated,31.92886088321675
1996,"Artesia, NM",32.8423,104.4033,irrigated,30.54160562487086
1997,"Artesia, NM",32.8423,104.4033,irrigated,30.332368956220694
1998,"Artesia, NM",32.8423,104.4033,irrigated,28.73415293583018
2000,"Artesia, NM",32.8423,104.4033,irrigated,32.47917431728462
2001,"Artesia, NM",32.8423,104.4033,irrigated,30.46609737434983
1980,"Auburn, AL",32.6099,85.4808,NA,24.844325527282233
1981,"Auburn, AL",32.6099,85.4808,NA,28.346677097876977
1983,"Auburn, AL",32.6099,85.4808,NA,28.672799473019367
1984,"Auburn, AL",32.6099,85.4808,NA,28.352114258848687
1985,"Auburn, AL",32.6099,85.4808,NA,26.244972376584318
1986,"Auburn, AL",32.6099,85.4808,NA,28.980310993634834
1987,"Auburn, AL",32.6099,85.4808,NA,25.13430270400634
1989,"Auburn, AL",32.6099,85.4808,NA,28.814548366403482
1990,"Auburn, AL",32.6099,85.4808,NA,28.25625878279216
1991,"Auburn, AL",32.6099,85.4808,NA,27.685659744440382
1992,"Auburn, AL",32.6099,85.4808,NA,28.835436385356335
1993,"Auburn, AL",32.6099,85.4808,NA,31.298557092466297
1994,"Auburn, AL",32.6099,85.4808,NA,31.801899305546524
1995,"Auburn, AL",32.6099,85.4808,NA,31.43292024819615
1996,"Auburn, AL",32.6099,85.4808,NA,29.171064831859443
1997,"Auburn, AL",32.6099,85.4808,NA,32.15535404570862
1998,"Auburn, AL",32.6099,85.4808,NA,30.445613613613965
1999,"Auburn, AL",32.6099,85.4808,NA,34.96796532260886
2000,"Auburn, AL",32.6099,85.4808,NA,34.43400589985338
2001,"Auburn, AL",32.6099,85.4808,NA,32.78810414019065
2002,"Auburn, AL",32.6099,85.4808,NA,33.415719326793145
2003,"Auburn, AL",32.6099,85.4808,NA,31.05692271978657
2004,"Auburn, AL",32.6099,85.4808,NA,30.12948618190235
2005,"Auburn, AL",32.6099,85.4808,NA,29.977410715669535
2006,"Auburn, AL",32.6099,85.4808,NA,32.581632604251304
2007,"Auburn, AL",32.6099,85.4808,NA,28.116168143039474
2008,"Auburn, AL",32.6099,85.4808,NA,34.85957084144556
2009,"Auburn, AL",32.6099,85.4808,NA,29.069470820329094
2010,"Auburn, AL",32.6099,85.4808,NA,32.13047094663853
2011,"Auburn, AL",32.6099,85.4808,NA,33.02960588928405
2012,"Auburn, AL",32.6099,85.4808,NA,33.090107549564294
1980,"Beeville, TX",28.4008,97.7483,NA,24.481075175619317
1982,"Beeville, TX",28.4008,97.7483,NA,25.891734489894453
1983,"Beeville, TX",28.4008,97.7483,NA,25.14173448989446
1984,"Beeville, TX",28.4008,97.7483,NA,27.509953761785123
1985,"Beeville, TX",28.4008,97.7483,NA,25.954398206229556
1986,"Beeville, TX",28.4008,97.7483,NA,26.439821942662565
1987,"Beeville, TX",28.4008,97.7483,NA,24.78847495355215
1988,"Beeville, TX",28.4008,97.7483,NA,22.57029313537033
1989,"Beeville, TX",28.4008,97.7483,NA,28.697565862643053
1990,"Beeville, TX",28.4008,97.7483,NA,32.46353577562333
1991,"Beeville, TX",28.4008,97.7483,NA,29.720678632766173
1993,"Beeville, TX",28.4008,97.7483,NA,27.530725956149645
1994,"Beeville, TX",28.4008,97.7483,NA,32.21405928948298
1995,"Beeville, TX",28.4008,97.7483,NA,28.99739262281633
1996,"Beeville, TX",28.4008,97.7483,NA,31.31289852169529
1998,"Beeville, TX",28.4008,97.7483,NA,30.59134918137113
1999,"Beeville, TX",28.4008,97.7483,NA,29.841138034971657
2000,"Beeville, TX",28.4008,97.7483,NA,30.730026923860535
2001,"Beeville, TX",28.4008,97.7483,NA,33.39669359052721
2002,"Beeville, TX",28.4008,97.7483,NA,35.42676930946933
2003,"Beeville, TX",28.4008,97.7483,NA,30.93330568903668
2004,"Beeville, TX",28.4008,97.7483,NA,31.817937373513246
2005,"Beeville, TX",28.4008,97.7483,NA,27.069118270104912
2006,"Beeville, TX",28.4008,97.7483,NA,32.702385449527426
2007,"Beeville, TX",28.4008,97.7483,NA,31.313496560638544
2008,"Beeville, TX",28.4008,97.7483,NA,33.489914454022895
2009,"Beeville, TX",28.4008,97.7483,NA,29.439914454022883
2010,"Beeville, TX",28.4008,97.7483,NA,32.523783990883956
2011,"Beeville, TX",28.4008,97.7483,NA,32.368299221653224
2012,"Beeville, TX",28.4008,97.7483,NA,29.059845191547435
2013,"Beeville, TX",28.4008,97.7483,NA,29.134845559004084
2014,"Beeville, TX",28.4008,97.7483,NA,32.188067596340126
2015,"Beeville, TX",28.4008,97.7483,NA,33.065845374117906
1980,"Belle Mina, AL",34.6568,86.8792,NA,28.09459218286253
1981,"Belle Mina, AL",34.6568,86.8792,NA,27.00574117483393
1982,"Belle Mina, AL",34.6568,86.8792,NA,29.03390254146204
1983,"Belle Mina, AL",34.6568,86.8792,NA,28.061637251120352
1984,"Belle Mina, AL",34.6568,86.8792,NA,27.508638588621007
1985,"Belle Mina, AL",34.6568,86.8792,NA,27.442863632966365
1986,"Belle Mina, AL",34.6568,86.8792,NA,29.282207373733087
1987,"Belle Mina, AL",34.6568,86.8792,NA,24.93719714658264
1988,"Belle Mina, AL",34.6568,86.8792,NA,22.817024191838005
1989,"Belle Mina, AL",34.6568,86.8792,NA,30.425956050525365
1990,"Belle Mina, AL",34.6568,86.8792,NA,30.244494076909774
1991,"Belle Mina, AL",34.6568,86.8792,NA,28.15482588817512
1992,"Belle Mina, AL",34.6568,86.8792,NA,29.24349556921228
1993,"Belle Mina, AL",34.6568,86.8792,NA,28.625696196921098
1994,"Belle Mina, AL",34.6568,86.8792,NA,28.866796282464907
1995,"Belle Mina, AL",34.6568,86.8792,NA,31.66391559094522
1996,"Belle Mina, AL",34.6568,86.8792,NA,28.492204239438625
1997,"Belle Mina, AL",34.6568,86.8792,NA,32.92568019444216
1998,"Belle Mina, AL",34.6568,86.8792,NA,31.767754759847083
1999,"Belle Mina, AL",34.6568,86.8792,NA,30.567082969332862
2000,"Belle Mina, AL",34.6568,86.8792,NA,32.39789607472052
2001,"Belle Mina, AL",34.6568,86.8792,NA,31.322867442203467
2002,"Belle Mina, AL",34.6568,86.8792,NA,34.52024112573647
2003,"Belle Mina, AL",34.6568,86.8792,NA,31.418697079965867
2004,"Belle Mina, AL",34.6568,86.8792,NA,28.5739219513284
2005,"Belle Mina, AL",34.6568,86.8792,NA,29.704214834604258
2006,"Belle Mina, AL",34.6568,86.8792,NA,32.18840472222239
2007,"Belle Mina, AL",34.6568,86.8792,NA,24.568885919116113
2008,"Belle Mina, AL",34.6568,86.8792,NA,34.36003590391208
2009,"Belle Mina, AL",34.6568,86.8792,NA,31.80374226523743
2010,"Belle Mina, AL",34.6568,86.8792,NA,33.526587402010506
2011,"Belle Mina, AL",34.6568,86.8792,NA,35.11075904761118
2012,"Belle Mina, AL",34.6568,86.8792,NA,32.104096909058654
2017,"Belle Mina, AL",34.6568,86.8792,NA,34.73323386027606
2018,"Belle Mina, AL",34.6568,86.8792,NA,32.662438414433495
1980,"Bossier City, LA",32.516,93.7321,NA,25.881075175619333
1981,"Bossier City, LA",32.516,93.7321,NA,27.579234489894446
1982,"Bossier City, LA",32.516,93.7321,NA,27.329234489894453
1983,"Bossier City, LA",32.516,93.7321,NA,28.95423448989445
1984,"Bossier City, LA",32.516,93.7321,NA,28.621064872896234
1985,"Bossier City, LA",32.516,93.7321,NA,29.17662042845178
1986,"Bossier City, LA",32.516,93.7321,NA,30.252321942662572
1987,"Bossier City, LA",32.516,93.7321,NA,28.699081014158203
1988,"Bossier City, LA",32.516,93.7321,NA,22.86120222627943
1989,"Bossier City, LA",32.516,93.7321,NA,27.861202226279442
1990,"Bossier City, LA",32.516,93.7321,NA,29.960991365130447
1991,"Bossier City, LA",32.516,93.7321,NA,27.35639291848047
1992,"Bossier City, LA",32.516,93.7321,NA,31.4063894466678
1993,"Bossier City, LA",32.516,93.7321,NA,32.13905928948298
1994,"Bossier City, LA",32.516,93.7321,NA,28.573692816163895
1995,"Bossier City, LA",32.516,93.7321,NA,32.18573467690301
1996,"Bossier City, LA",32.516,93.7321,NA,31.111595699976377
1997,"Bossier City, LA",32.516,93.7321,NA,32.0213468864236
1998,"Bossier City, LA",32.516,93.7321,NA,29.71692851764825
1999,"Bossier City, LA",32.516,93.7321,NA,32.29519004472185
2000,"Bossier City, LA",32.516,93.7321,NA,29.93970415828791
2001,"Bossier City, LA",32.516,93.7321,NA,31.130873203979192
2002,"Bossier City, LA",32.516,93.7321,NA,31.236661900368155
2003,"Bossier City, LA",32.516,93.7321,NA,33.65731641016219
2004,"Bossier City, LA",32.516,93.7321,NA,30.103242506184547
2005,"Bossier City, LA",32.516,93.7321,NA,30.159444764274014
2007,"Bossier City, LA",32.516,93.7321,NA,32.13898104781149
2008,"Bossier City, LA",32.516,93.7321,NA,36.03255787322287
2009,"Bossier City, LA",32.516,93.7321,NA,31.04635264812083
1985,"Chamberino, NM",32.0368,106.6842,NA,30.755710109328508
1980,"Chickasha, OK",35.0526,97.9364,irrigated,25.85082514818272
1981,"Chickasha, OK",35.0526,97.9364,irrigated,27.900843478951547
1981,"Chickasha, OK",35.0526,97.9364,dryland,27.900843478951547
1982,"Chickasha, OK",35.0526,97.9364,dryland,25.606076303285686
1983,"Chickasha, OK",35.0526,97.9364,dryland,27.7885619831684
1984,"Chickasha, OK",35.0526,97.9364,dryland,26.55170666144824
1985,"Chickasha, OK",35.0526,97.9364,dryland,31.46079757053915
1986,"Chickasha, OK",35.0526,97.9364,dryland,29.27897938872094
1987,"Chickasha, OK",35.0526,97.9364,dryland,29.50419627288527
1988,"Chickasha, OK",35.0526,97.9364,dryland,25.260256878945903
1989,"Chickasha, OK",35.0526,97.9364,dryland,30.973893242582264
1989,"Chickasha, OK",35.0526,97.9364,irrigated,30.973893242582264
1990,"Chickasha, OK",35.0526,97.9364,dryland,29.228989928014393
1992,"Chickasha, OK",35.0526,97.9364,irrigated,30.766489928014387
1993,"Chickasha, OK",35.0526,97.9364,dryland,32.734555687213216
1994,"Chickasha, OK",35.0526,97.9364,dryland,32.23928823591786
1995,"Chickasha, OK",35.0526,97.9364,dryland,34.197055687213236
1995,"Chickasha, OK",35.0526,97.9364,irrigated,34.197055687213236
2002,"Chickasha, OK",35.0526,97.9364,dryland,31.888828068063596
1981,"Chillicothe, TX",34.2565,99.5168,irrigated,26.12306570117374
1983,"Chillicothe, TX",34.2565,99.5168,irrigated,24.101061983168417
1984,"Chillicothe, TX",34.2565,99.5168,dryland,30.006252115993664
2015,"Chillicothe, TX",34.2565,99.5168,NA,34.76724241666262
2017,"Chillicothe, TX",34.2565,99.5168,NA,33.5134727041892
2018,"Chillicothe, TX",34.2565,99.5168,NA,32.688472704189195
2019,"Chillicothe, TX",34.2565,99.5168,NA,37.37061556133204
2020,"Chillicothe, TX",34.2565,99.5168,NA,33.97141268235049
1980,"Clarkdale, LA",35.3092,112.0579,NA,26.10440017377798
1983,"Clarkdale, LA",35.3092,112.0579,NA,28.471484142482325
1984,"Clarkdale, LA",35.3092,112.0579,NA,28.694982992888164
1985,"Clarkdale, LA",35.3092,112.0579,NA,31.44498299288816
1986,"Clarkdale, LA",35.3092,112.0579,NA,29.77565500117415
1987,"Clarkdale, LA",35.3092,112.0579,NA,25.133318379263976
1989,"Clarkdale, LA",35.3092,112.0579,NA,27.911948674300973
1990,"Clarkdale, LA",35.3092,112.0579,NA,30.271307499082702
1991,"Clarkdale, LA",35.3092,112.0579,NA,27.427846405383576
1992,"Clarkdale, LA",35.3092,112.0579,NA,29.27708203037098
1993,"Clarkdale, LA",35.3092,112.0579,NA,30.492862602870574
1994,"Clarkdale, LA",35.3092,112.0579,NA,29.414899702482252
1995,"Clarkdale, LA",35.3092,112.0579,NA,33.888993968710245
1996,"Clarkdale, LA",35.3092,112.0579,NA,31.228690534382835
1997,"Clarkdale, LA",35.3092,112.0579,NA,31.708655344028124
1998,"Clarkdale, LA",35.3092,112.0579,NA,30.60059437674749
1999,"Clarkdale, LA",35.3092,112.0579,NA,30.999252174281807
2000,"Clarkdale, LA",35.3092,112.0579,NA,29.99490383381744
2001,"Clarkdale, LA",35.3092,112.0579,NA,31.202327157038376
2002,"Clarkdale, LA",35.3092,112.0579,NA,31.845020428056287
2004,"Clarkdale, LA",35.3092,112.0579,NA,32.65109675233355
1980,"College Station, TX",30.628,96.3344,NA,27.08234599863066
1981,"College Station, TX",30.628,96.3344,NA,27.20186716471249
1982,"College Station, TX",30.628,96.3344,NA,29.135921471364885
1983,"College Station, TX",30.628,96.3344,NA,25.566611303057716
1984,"College Station, TX",30.628,96.3344,NA,29.0668368891085
1985,"College Station, TX",30.628,96.3344,NA,27.950180856928895
1986,"College Station, TX",30.628,96.3344,NA,28.950968834898863
1987,"College Station, TX",30.628,96.3344,NA,26.986702001029684
1988,"College Station, TX",30.628,96.3344,NA,23.188658098026785
1989,"College Station, TX",30.628,96.3344,NA,29.511626670641654
1990,"College Station, TX",30.628,96.3344,NA,28.920006710286454
1991,"College Station, TX",30.628,96.3344,NA,27.38409589162479
1992,"College Station, TX",30.628,96.3344,NA,31.337817744089058
1993,"College Station, TX",30.628,96.3344,NA,29.43108416195266
1994,"College Station, TX",30.628,96.3344,NA,33.380217834215486
1995,"College Station, TX",30.628,96.3344,NA,29.736064607302605
1996,"College Station, TX",30.628,96.3344,NA,29.771858384942753
1997,"College Station, TX",30.628,96.3344,NA,31.37718604550404
1998,"College Station, TX",30.628,96.3344,NA,29.490506213965332
1999,"College Station, TX",30.628,96.3344,NA,29.06551493226407
2000,"College Station, TX",30.628,96.3344,NA,33.69497171465419
2001,"College Station, TX",30.628,96.3344,NA,32.82977483548561
2002,"College Station, TX",30.628,96.3344,NA,31.36985369888395
2003,"College Station, TX",30.628,96.3344,NA,29.634836584996297
2004,"College Station, TX",30.628,96.3344,NA,30.31319681390235
2005,"College Station, TX",30.628,96.3344,NA,27.80465492286729
2006,"College Station, TX",30.628,96.3344,NA,32.62116439520184
2007,"College Station, TX",30.628,96.3344,NA,32.28419638129553
2008,"College Station, TX",30.628,96.3344,NA,33.30457419286216
2009,"College Station, TX",30.628,96.3344,NA,33.45474973803641
2010,"College Station, TX",30.628,96.3344,NA,32.82829475976936
2011,"College Station, TX",30.628,96.3344,NA,34.80847967184273
2012,"College Station, TX",30.628,96.3344,NA,33.163075607948755
2013,"College Station, TX",30.628,96.3344,NA,33.79318158745452
2014,"College Station, TX",30.628,96.3344,NA,34.09983276067365
2015,"College Station, TX",30.628,96.3344,NA,33.89710347791504
2016,"College Station, TX",30.628,96.3344,NA,33.37191217791392
2017,"College Station, TX",30.628,96.3344,NA,34.163860789020006
2018,"College Station, TX",30.628,96.3344,NA,31.61170194307241
2019,"College Station, TX",30.628,96.3344,NA,34.421611434183156
2012,"Commerce, TX",33.2471,95.9,NA,26.562623336781876
2013,"Commerce, TX",33.2471,95.9,NA,28.951512225670758
2014,"Commerce, TX",33.2471,95.9,NA,33.20473426300678
2015,"Commerce, TX",33.2471,95.9,NA,34.010289818562356
2017,"Commerce, TX",33.2471,95.9,NA,34.765041292146115
2018,"Commerce, TX",33.2471,95.9,NA,30.05393018103502
2019,"Commerce, TX",33.2471,95.9,NA,34.451152403257254
1980,"Coolidge, AZ",32.9778,111.5176,NA,32.06565475258697
1981,"Coolidge, AZ",32.9778,111.5176,NA,29.53617610843412
2015,"Corcoran, CA",36.098,119.5604,NA,29.896073697216252
2016,"Corpus Christi, TX",27.8006,97.3964,dryland,30.826956485229026
2017,"Corpus Christi, TX",27.8006,97.3964,NA,31.523374625479473
2018,"Corpus Christi, TX",27.8006,97.3964,NA,30.83594861362083
2019,"Corpus Christi, TX",27.8006,97.3964,NA,36.18726351436838
1981,"Dallas, TX",32.7767,96.797,NA,27.01067353616657
1982,"Dallas, TX",32.7767,96.797,NA,26.813712042647776
1983,"Dallas, TX",32.7767,96.797,NA,24.945789866091314
1984,"Dallas, TX",32.7767,96.797,NA,27.284493213777278
1985,"Dallas, TX",32.7767,96.797,NA,26.356135193444366
1986,"Dallas, TX",32.7767,96.797,NA,28.606135193444363
1987,"Dallas, TX",32.7767,96.797,NA,23.171171585242686
1988,"Dallas, TX",32.7767,96.797,NA,23.2322826963538
1989,"Dallas, TX",32.7767,96.797,NA,30.196969669520612
1990,"Dallas, TX",32.7767,96.797,NA,30.758006785321303
1991,"Dallas, TX",32.7767,96.797,NA,28.766340118654625
1992,"Dallas, TX",32.7767,96.797,NA,31.29967345198796
1993,"Dallas, TX",32.7767,96.797,NA,30.559441455067237
1994,"Dallas, TX",32.7767,96.797,NA,31.984441455067234
1995,"Dallas, TX",32.7767,96.797,NA,30.617774788400574
1996,"Dallas, TX",32.7767,96.797,NA,31.302165880356732
1997,"Dallas, TX",32.7767,96.797,NA,31.637743039565947
1998,"Dallas, TX",32.7767,96.797,NA,27.927165880356732
1999,"Dallas, TX",32.7767,96.797,NA,28.819538242366505
2000,"Dallas, TX",32.7767,96.797,NA,28.954815888109124
2001,"Dallas, TX",32.7767,96.797,NA,35.48620490903319
2002,"Dallas, TX",32.7767,96.797,NA,34.59894708674275
2003,"Dallas, TX",32.7767,96.797,NA,32.52388166483398
2004,"Dallas, TX",32.7767,96.797,NA,29.9524530934054
2005,"Dallas, TX",32.7767,96.797,NA,27.757941005082984
2006,"Dallas, TX",32.7767,96.797,NA,28.43638898679429
2007,"Dallas, TX",32.7767,96.797,NA,34.73966734186897
2008,"Dallas, TX",32.7767,96.797,NA,34.74723988836455
2009,"Dallas, TX",32.7767,96.797,NA,30.839914454022903
2010,"Dallas, TX",32.7767,96.797,NA,33.65306423575963
2011,"Dallas, TX",32.7767,96.797,NA,29.590401114559654
1980,"El Paso, TX",31.7619,106.485,irrigated,27.795861371556683
1980,"El Paso, TX",31.7619,106.485,NA,27.795861371556683
1981,"El Paso, TX",31.7619,106.485,irrigated,24.81943433013247
1981,"El Paso, TX",31.7619,106.485,NA,24.81943433013247
1982,"El Paso, TX",31.7619,106.485,irrigated,24.900513756824118
1983,"El Paso, TX",31.7619,106.485,irrigated,26.082142078318352
1983,"El Paso, TX",31.7619,106.485,NA,26.082142078318352
1984,"El Paso, TX",31.7619,106.485,irrigated,25.735785754871028
1984,"El Paso, TX",31.7619,106.485,NA,25.735785754871028
1985,"El Paso, TX",31.7619,106.485,irrigated,27.615049952620375
1985,"El Paso, TX",31.7619,106.485,NA,27.615049952620375
1986,"El Paso, TX",31.7619,106.485,irrigated,27.875266060901325
1986,"El Paso, TX",31.7619,106.485,NA,27.875266060901325
1987,"El Paso, TX",31.7619,106.485,irrigated,24.143508784542682
1987,"El Paso, TX",31.7619,106.485,NA,24.143508784542682
1988,"El Paso, TX",31.7619,106.485,irrigated,19.976277742522505
1988,"El Paso, TX",31.7619,106.485,NA,19.976277742522505
1989,"El Paso, TX",31.7619,106.485,irrigated,27.8744587001741
1989,"El Paso, TX",31.7619,106.485,NA,27.8744587001741
1990,"El Paso, TX",31.7619,106.485,irrigated,29.86961292499497
1991,"El Paso, TX",31.7619,106.485,irrigated,27.19744502837011
1991,"El Paso, TX",31.7619,106.485,NA,27.19744502837011
1992,"El Paso, TX",31.7619,106.485,irrigated,29.036096253104052
1992,"El Paso, TX",31.7619,106.485,NA,29.036096253104052
1993,"El Paso, TX",31.7619,106.485,irrigated,28.861901194159717
1993,"El Paso, TX",31.7619,106.485,NA,28.861901194159717
1994,"El Paso, TX",31.7619,106.485,irrigated,27.9333482078963
1995,"El Paso, TX",31.7619,106.485,irrigated,30.124694216550097
1996,"El Paso, TX",31.7619,106.485,irrigated,29.350696533961763
1997,"El Paso, TX",31.7619,106.485,NA,30.567878157217155
2001,"El Paso, TX",31.7619,106.485,irrigated,34.42402700609774
2002,"El Paso, TX",31.7619,106.485,NA,35.28277434449582
2004,"El Paso, TX",31.7619,106.485,NA,29.685753402526473
1980,"Fabens, TX",31.5023,106.1586,NA,29.601369038301268
1981,"Fabens, TX",31.5023,106.1586,NA,22.893318965577034
2012,"Five Points, CA",36.4296,120.1031,NA,35.610127288989915
2013,"Five Points, CA",36.4296,120.1031,NA,31.223456104027626
2014,"Five Points, CA",36.4296,120.1031,NA,34.133316686712604
2016,"Five Points, CA",36.4296,120.1031,NA,35.57244598695977
2017,"Five Points, CA",36.4296,120.1031,NA,36.01515240311392
2018,"Five Points, CA",36.4296,120.1031,NA,36.388587532395675
2019,"Five Points, CA",36.4296,120.1031,NA,35.0870334601361
1980,"Florence, SC",34.1954,79.7626,NA,26.14455923745979
1981,"Florence, SC",34.1954,79.7626,NA,27.931967121191988
1982,"Florence, SC",34.1954,79.7626,NA,28.63435767181312
1983,"Florence, SC",34.1954,79.7626,NA,27.649666628237057
1984,"Florence, SC",34.1954,79.7626,NA,29.746030116829115
1985,"Florence, SC",34.1954,79.7626,NA,30.280104746036507
1986,"Florence, SC",34.1954,79.7626,NA,29.791894673439558
1987,"Florence, SC",34.1954,79.7626,NA,25.88413440998751
1988,"Florence, SC",34.1954,79.7626,NA,22.14207941396215
1989,"Florence, SC",34.1954,79.7626,NA,27.81226150603028
1990,"Florence, SC",34.1954,79.7626,NA,32.062901645569575
1991,"Florence, SC",34.1954,79.7626,NA,29.640113251346392
1992,"Florence, SC",34.1954,79.7626,NA,33.22122851785781
1993,"Florence, SC",34.1954,79.7626,NA,32.22538238920306
1994,"Florence, SC",34.1954,79.7626,NA,31.324500686083663
1995,"Florence, SC",34.1954,79.7626,NA,31.210569911293383
1996,"Florence, SC",34.1954,79.7626,NA,28.872858297840448
1997,"Florence, SC",34.1954,79.7626,NA,29.674309462895554
1998,"Florence, SC",34.1954,79.7626,NA,28.482586936460393
1999,"Florence, SC",34.1954,79.7626,NA,34.100725199307334
2000,"Florence, SC",34.1954,79.7626,NA,31.403155655912162
2001,"Florence, SC",34.1954,79.7626,NA,34.975255182299925
2002,"Florence, SC",34.1954,79.7626,NA,35.2130759849489
2004,"Florence, SC",34.1954,79.7626,NA,29.63102028396234
2005,"Florence, SC",34.1954,79.7626,NA,32.61531644948531
2006,"Florence, SC",34.1954,79.7626,NA,32.111507785517844
2007,"Florence, SC",34.1954,79.7626,NA,33.16156692994253
2008,"Florence, SC",34.1954,79.7626,NA,32.122064724112256
2009,"Florence, SC",34.1954,79.7626,NA,33.28084835003478
2010,"Florence, SC",34.1954,79.7626,NA,34.140116403111904
2011,"Florence, SC",34.1954,79.7626,NA,35.20139861836247
2012,"Florence, SC",34.1954,79.7626,NA,33.63185745733698
2013,"Florence, SC",34.1954,79.7626,NA,33.038036146676376
2014,"Florence, SC",34.1954,79.7626,NA,32.18153239229095
2015,"Florence, SC",34.1954,79.7626,NA,31.215948004645767
2016,"Florence, SC",34.1954,79.7626,NA,33.58230008949224
2017,"Florence, SC",34.1954,79.7626,NA,34.49416056164749
2018,"Florence, SC",34.1954,79.7626,NA,32.02895802299266
2019,"Florence, SC",34.1954,79.7626,NA,33.35319218639845
2012,"Fort Cobb, OK",35.0978,98.4356,NA,37.01163944071477
2013,"Fort Cobb, OK",35.0978,98.4356,NA,32.80608388515922
2014,"Fort Cobb, OK",35.0978,98.4356,NA,35.639464638884846
2000,"Fresno County, CA",36.9859,119.2321,NA,36.4647980563115
2006,"Griffin, GA",33.2468,84.2641,NA,32.02955995064616
2007,"Griffin, GA",33.2468,84.2641,NA,29.616168143039488
2008,"Griffin, GA",33.2468,84.2641,NA,34.409594685940874
2009,"Griffin, GA",33.2468,84.2641,NA,31.85072082032911
2010,"Griffin, GA",33.2468,84.2641,NA,31.81422438653663
2011,"Griffin, GA",33.2468,84.2641,NA,33.94627255595071
2012,"Griffin, GA",33.2468,84.2641,NA,32.895663105119894
2013,"Griffin, GA",33.2468,84.2641,NA,32.316031788100084
2014,"Griffin, GA",33.2468,84.2641,NA,32.93064757981621
2015,"Griffin, GA",33.2468,84.2641,NA,34.293838733263954
2016,"Griffin, GA",33.2468,84.2641,NA,33.97920690255931
2017,"Griffin, GA",33.2468,84.2641,NA,33.40666056164748
2018,"Griffin, GA",33.2468,84.2641,NA,32.039938414433486
1981,"Halfway, TX",34.1881,101.9524,irrigated,26.234176812284854
1982,"Halfway, TX",34.1881,101.9524,irrigated,28.467187414396797
1983,"Halfway, TX",34.1881,101.9524,irrigated,27.351061983168385
1984,"Halfway, TX",34.1881,101.9524,irrigated,28.506252115993686
1980,"Jackson, TN",35.6145,88.8139,NA,28.525227390476363
1981,"Jackson, TN",35.6145,88.8139,NA,30.417165950125984
1982,"Jackson, TN",35.6145,88.8139,NA,29.242380144387425
1983,"Jackson, TN",35.6145,88.8139,NA,28.075961363916715
1984,"Jackson, TN",35.6145,88.8139,NA,31.107243843336974
1985,"Jackson, TN",35.6145,88.8139,NA,30.049978066245707
1986,"Jackson, TN",35.6145,88.8139,NA,33.621155796477126
1987,"Jackson, TN",35.6145,88.8139,NA,28.752870599095594
1988,"Jackson, TN",35.6145,88.8139,NA,23.53793837386182
1989,"Jackson, TN",35.6145,88.8139,NA,28.7674405771652
1990,"Jackson, TN",35.6145,88.8139,NA,30.318750996711138
1991,"Jackson, TN",35.6145,88.8139,NA,29.450216599081326
1992,"Jackson, TN",35.6145,88.8139,NA,30.413516369292264
1993,"Jackson, TN",35.6145,88.8139,NA,31.036670315070545
2005,"Jackson, TN",35.6145,88.8139,NA,31.942881739351854
2006,"Jackson, TN",35.6145,88.8139,NA,33.117346889965596
2008,"Jackson, TN",35.6145,88.8139,NA,32.77337684479258
2009,"Jackson, TN",35.6145,88.8139,NA,29.574895195981284
2015,"Jackson, TN",35.6145,88.8139,NA,34.773597079091246
2016,"Jackson, TN",35.6145,88.8139,NA,33.745094652401896
2017,"Jackson, TN",35.6145,88.8139,NA,34.66472312677508
2018,"Jackson, TN",35.6145,88.8139,NA,32.91089724674279
1992,"Keiser, AR",35.6749,90.0985,NA,31.04547233310133
1994,"Keiser, AR",35.6749,90.0985,NA,30.935917740299452
1995,"Keiser, AR",35.6749,90.0985,NA,33.47813971800104
1996,"Keiser, AR",35.6749,90.0985,NA,30.649749948896332
1997,"Keiser, AR",35.6749,90.0985,NA,31.04712352399894
1998,"Keiser, AR",35.6749,90.0985,NA,30.58594077545909
1999,"Keiser, AR",35.6749,90.0985,NA,31.295439633688094
2000,"Keiser, AR",35.6749,90.0985,NA,30.069822322578805
2001,"Keiser, AR",35.6749,90.0985,NA,31.29104465598414
2002,"Keiser, AR",35.6749,90.0985,NA,31.60890931828223
2004,"Keiser, AR",35.6749,90.0985,NA,30.79829495314467
2005,"Keiser, AR",35.6749,90.0985,NA,33.0172170021619
2006,"Keiser, AR",35.6749,90.0985,NA,32.81829990208746
2007,"Keiser, AR",35.6749,90.0985,NA,31.756798035732828
2008,"Keiser, AR",35.6749,90.0985,NA,33.28147891758571
2009,"Keiser, AR",35.6749,90.0985,NA,32.216443286490666
2010,"Keiser, AR",35.6749,90.0985,NA,35.25303181925722
2011,"Keiser, AR",35.6749,90.0985,NA,38.62034569465347
2012,"Keiser, AR",35.6749,90.0985,NA,35.22990549651147
2013,"Keiser, AR",35.6749,90.0985,NA,34.97171348897725
2014,"Keiser, AR",35.6749,90.0985,NA,34.17927071286243
2015,"Keiser, AR",35.6749,90.0985,NA,36.28118938698262
2016,"Keiser, AR",35.6749,90.0985,NA,35.776858190617084
2017,"Keiser, AR",35.6749,90.0985,NA,33.52595414353925
2018,"Keiser, AR",35.6749,90.0985,NA,34.04554109397858
2019,"Keiser, AR",35.6749,90.0985,NA,34.696989020426535
2000,"Kern, CA",35.3935,119.0437,NA,32.54813138964486
2000,"Kings County, CA",36.0988,119.8815,NA,33.04813138964483
2005,"Knoxville, TN",35.9606,83.9207,NA,27.55679248414782
1990,"La Mesa, NM",32.7376,106.7079,NA,31.54359192035496
1991,"La Mesa, NM",32.7376,106.7079,NA,31.50837146229331
1980,"Lamesa, TX",32.7376,101.951,dryland,26.90638070373827
1981,"Lamesa, TX",32.7376,101.951,dryland,27.206399034507072
1982,"Lamesa, TX",32.7376,101.951,dryland,27.800520747730133
1984,"Lamesa, TX",32.7376,101.951,dryland,29.05170666144823
1985,"Lamesa, TX",32.7376,101.951,dryland,28.73352484326641
1986,"Lamesa, TX",32.7376,101.951,dryland,27.324433934175495
1987,"Lamesa, TX",32.7376,101.951,dryland,26.279953848642865
1988,"Lamesa, TX",32.7376,101.951,dryland,21.796620515309527
1989,"Lamesa, TX",32.7376,101.951,dryland,29.210256878945895
1990,"Lamesa, TX",32.7376,101.951,dryland,26.737323261347736
1991,"Lamesa, TX",32.7376,101.951,dryland,28.251424932811876
1993,"Lamesa, TX",32.7376,101.951,dryland,30.89705568721321
1994,"Lamesa, TX",32.7376,101.951,dryland,28.114288235917822
1995,"Lamesa, TX",32.7376,101.951,dryland,32.08872235387985
1997,"Lamesa, TX",32.7376,101.951,dryland,31.955704773843493
1998,"Lamesa, TX",32.7376,101.951,dryland,31.773886592025306
1999,"Lamesa, TX",32.7376,101.951,dryland,29.031876925694288
2000,"Lamesa, TX",32.7376,101.951,dryland,27.493415387232744
2001,"Lamesa, TX",32.7376,101.951,dryland,30.570338464155835
2002,"Lamesa, TX",32.7376,101.951,dryland,34.327720430358866
2004,"Lamesa, TX",32.7376,101.951,NA,30.63541273805116
2006,"Lamesa, TX",32.7376,101.951,NA,29.974181157518398
2007,"Lamesa, TX",32.7376,101.951,NA,31.045609728946978
2008,"Lamesa, TX",32.7376,101.951,NA,30.73281852231573
2009,"Lamesa, TX",32.7376,101.951,NA,30.07897236846957
2010,"Lamesa, TX",32.7376,101.951,NA,34.1074516872749
2012,"Lamesa, TX",32.7376,101.951,NA,32.344972774048095
2013,"Lamesa, TX",32.7376,101.951,NA,32.48941721849253
2014,"Lamesa, TX",32.7376,101.951,dryland,31.033909083329274
2015,"Lamesa, TX",32.7376,101.951,dryland,33.20057574999591
2016,"Lamesa, TX",32.7376,101.951,dryland,33.17279797221817
2017,"Lamesa, TX",32.7376,101.951,NA,34.445615561332055
2018,"Lamesa, TX",32.7376,101.951,NA,33.40632984704633
2019,"Lamesa, TX",32.7376,101.951,NA,30.227758418474902
2020,"Lamesa, TX",32.7376,101.951,NA,32.2495376823505
1996,"Las Cruces, NM",32.3199,106.7637,NA,29.580662030395736
1997,"Las Cruces, NM",32.3199,106.7637,NA,29.967878157217157
1999,"Las Cruces, NM",32.3199,106.7637,NA,30.691253194675415
2000,"Las Cruces, NM",32.3199,106.7637,NA,33.30418508256983
2001,"Las Cruces, NM",32.3199,106.7637,NA,34.00736033943106
2005,"Las Cruces, NM",32.3199,106.7637,NA,30.237574360160266
2006,"Las Cruces, NM",32.3199,106.7637,NA,31.492882774254163
2007,"Las Cruces, NM",32.3199,106.7637,NA,31.4060841118285
2008,"Las Cruces, NM",32.3199,106.7637,NA,34.47978881084095
2010,"Las Cruces, NM",32.3199,106.7637,NA,33.32979020005178
2011,"Las Cruces, NM",32.3199,106.7637,NA,37.937464364957506
2012,"Las Cruces, NM",32.3199,106.7637,NA,35.58032893234017
2013,"Las Cruces, NM",32.3199,106.7637,NA,32.8001546927916
2014,"Las Cruces, NM",32.3199,106.7637,NA,33.08523763991835
2015,"Las Cruces, NM",32.3199,106.7637,NA,33.5830099359554
2018,"Las Cruces, NM",32.3199,106.7637,NA,31.55531866087219
2019,"Las Cruces, NM",32.3199,106.7637,NA,32.62494520660135
2008,"Lemoore, CA",36.3008,119.7829,NA,37.66393449086484
2010,"Lemoore, CA",36.3008,119.7829,NA,36.280873324811225
2011,"Lemoore, CA",36.3008,119.7829,NA,35.83498477133648
2012,"Lemoore, CA",33.5846,101.8456,NA,32.814836992663665
2014,"Lemoore, CA",33.5846,101.8456,NA,28.630847587968162
1998,"Logandale, NV",36.5966406,114.4841487,NA,36.791368107152245
1980,"Lubbock, TX",33.5846,101.8456,NA,27.350825148182718
1981,"Lubbock, TX",33.5846,101.8456,NA,26.178621256729297
1982,"Lubbock, TX",33.5846,101.8456,NA,27.772742969952354
1982,"Lubbock, TX",33.5846,101.8456,irrigated,27.772742969952354
1983,"Lubbock, TX",33.5846,101.8456,NA,27.9760619831684
1984,"Lubbock, TX",33.5846,101.8456,NA,27.051706661448236
1985,"Lubbock, TX",33.5846,101.8456,NA,26.3244339341755
1986,"Lubbock, TX",33.5846,101.8456,NA,26.64261575235732
1987,"Lubbock, TX",33.5846,101.8456,NA,26.44813566682467
1988,"Lubbock, TX",33.5846,101.8456,NA,21.77389324258224
1989,"Lubbock, TX",33.5846,101.8456,NA,28.919347788036802
1990,"Lubbock, TX",33.5846,101.8456,NA,27.799823261347743
1991,"Lubbock, TX",33.5846,101.8456,NA,28.442334023720992
1992,"Lubbock, TX",33.5846,101.8456,NA,31.345656594681046
1993,"Lubbock, TX",33.5846,101.8456,NA,31.063722353879864
1994,"Lubbock, TX",33.5846,101.8456,NA,29.980954902584543
1995,"Lubbock, TX",33.5846,101.8456,NA,32.17205568721321
1997,"Lubbock, TX",33.5846,101.8456,NA,30.45570477384351
1998,"Lubbock, TX",33.5846,101.8456,NA,31.17018993538183
1999,"Lubbock, TX",33.5846,101.8456,NA,31.224184618001992
2000,"Lubbock, TX",33.5846,101.8456,NA,31.647261541078915
2001,"Lubbock, TX",33.5846,101.8456,NA,32.33956923338659
2002,"Lubbock, TX",33.5846,101.8456,NA,30.443105045743465
2004,"Lubbock, TX",33.5846,101.8456,NA,28.955790341372825
2005,"Lubbock, TX",33.5846,101.8456,NA,29.2345274903256
2006,"Lubbock, TX",33.5846,101.8456,NA,29.89826867915018
2007,"Lubbock, TX",33.5846,101.8456,NA,31.651288808525912
2008,"Lubbock, TX",33.5846,101.8456,NA,29.67533274633771
2009,"Lubbock, TX",33.5846,101.8456,NA,31.566136021059403
2010,"Lubbock, TX",33.5846,101.8456,NA,33.042288865434365
2011,"Lubbock, TX",33.5846,101.8456,NA,35.99581852457762
2012,"Lubbock, TX",33.5846,101.8456,NA,32.69036725312964
2013,"Lubbock, TX",33.5846,101.8456,NA,32.30508194187651
2014,"Lubbock, TX",33.5846,101.8456,NA,33.14502019444037
2015,"Lubbock, TX",33.5846,101.8456,NA,34.191961558675786
2016,"Lubbock, TX",33.5846,101.8456,irrigated,34.56347336623378
2016,"Lubbock, TX",33.5846,101.8456,NA,34.56347336623378
2017,"Lubbock, TX",33.5846,101.8456,NA,33.05290578167252
2018,"Lubbock, TX",33.5846,101.8456,NA,34.66532115978993
2019,"Lubbock, TX",33.5846,101.8456,NA,34.0438532655391
2020,"Lubbock, TX",33.5846,101.8456,NA,35.346412682350476
1980,"Mangum, OK",34.872,99.5043,dryland,26.767491814849397
1981,"Mangum, OK",34.872,99.5043,dryland,27.150843478951515
1980,"Marana, AZ",32.4364,111.2224,NA,28.31565475258699
1981,"Marana, AZ",32.4364,111.2224,NA,27.589747537005564
1982,"Marana, AZ",32.4364,111.2224,NA,26.48120462096572
1984,"Marana, AZ",32.4364,111.2224,NA,25.006023345742634
1986,"Marana, AZ",32.4364,111.2224,NA,28.452210659896647
1987,"Marana, AZ",32.4364,111.2224,NA,25.693770700127587
1988,"Marana, AZ",32.4364,111.2224,NA,20.261192192273953
1989,"Marana, AZ",32.4364,111.2224,NA,28.74208801828489
1990,"Marana, AZ",32.4364,111.2224,NA,34.28525858702162
1991,"Marana, AZ",32.4364,111.2224,NA,33.50003812895997
1993,"Marana, AZ",32.4364,111.2224,NA,29.379088455455527
1998,"Marana, AZ",32.4364,111.2224,NA,29.67264598574694
1980,"Marianna, AR",34.7746,90.7723,NA,25.69530926468708
1980,"Maricopa, AZ",33.0581,112.0476,NA,24.827609893033372
1983,"Maricopa, AZ",33.0581,112.0476,NA,28.68791789389303
1984,"Maricopa, AZ",33.0581,112.0476,NA,25.922690012409298
1985,"Maricopa, AZ",33.0581,112.0476,NA,28.909261115633647
1986,"Maricopa, AZ",33.0581,112.0476,NA,28.492210659896646
1987,"Maricopa, AZ",33.0581,112.0476,NA,26.48275960405949
1988,"Maricopa, AZ",33.0581,112.0476,NA,22.033414414496164
1989,"Maricopa, AZ",33.0581,112.0476,NA,28.342088018284855
1990,"Maricopa, AZ",33.0581,112.0476,NA,32.45116769403678
1991,"Maricopa, AZ",33.0581,112.0476,NA,33.93337146229329
1992,"Maricopa, AZ",33.0581,112.0476,NA,28.652680229242424
1993,"Maricopa, AZ",33.0581,112.0476,NA,27.695961983457746
1994,"Maricopa, AZ",33.0581,112.0476,NA,30.80092834671776
1995,"Maricopa, AZ",33.0581,112.0476,NA,30.71995621365341
1996,"Maricopa, AZ",33.0581,112.0476,NA,31.79963381125193
1997,"Maricopa, AZ",33.0581,112.0476,NA,30.79308708453225
1998,"Maricopa, AZ",33.0581,112.0476,NA,32.09223554806498
1999,"Maricopa, AZ",33.0581,112.0476,NA,32.941253194675404
2000,"Maricopa, AZ",33.0581,112.0476,NA,30.59237339035059
2001,"Maricopa, AZ",33.0581,112.0476,NA,29.92402700609772
2003,"Maricopa, AZ",33.0581,112.0476,NA,37.650405740342904
2004,"Maricopa, AZ",33.0581,112.0476,NA,37.254490605441006
2005,"Maricopa, AZ",33.0581,112.0476,NA,30.89753336075958
2006,"Maricopa, AZ",33.0581,112.0476,NA,31.213777134438825
2007,"Maricopa, AZ",33.0581,112.0476,NA,37.49867864701538
2011,"Maricopa, AZ",33.0581,112.0476,NA,38.3692138125132
2017,"Maricopa, AZ",33.0581,112.0476,NA,35.23399211715883
2018,"Maricopa, AZ",33.0581,112.0476,NA,35.82327783144455
1981,"Midville, GA",32.819,82.2348,NA,28.21334376454364
1983,"Midville, GA",32.819,82.2348,NA,29.439466139686022
1984,"Midville, GA",32.819,82.2348,NA,30.30536554986336
1985,"Midville, GA",32.819,82.2348,NA,29.478305709917645
1980,"Milan, TN",35.9198,88.7589,NA,26.915754098710785
1981,"Milan, TN",35.9198,88.7589,NA,29.413343764543647
1992,"Palmer, AK",61.5994,149.1146,NA,27.22283109013532
1980,"Pecos, TX",31.4229,103.4932,irrigated,24.15396055662065
1981,"Pecos, TX",31.4229,103.4932,irrigated,26.093391563885472
1982,"Pecos, TX",31.4229,103.4932,irrigated,26.17829153460189
1983,"Pecos, TX",31.4229,103.4932,irrigated,25.344958201268557
1984,"Pecos, TX",31.4229,103.4932,irrigated,30.132012048299377
1986,"Pecos, TX",31.4229,103.4932,irrigated,27.929191940915782
1987,"Pecos, TX",31.4229,103.4932,irrigated,23.739782242845
1988,"Pecos, TX",31.4229,103.4932,irrigated,21.46368499790772
1989,"Pecos, TX",31.4229,103.4932,irrigated,27.710981211798178
1990,"Pecos, TX",31.4229,103.4932,NA,29.30294625832833
1991,"Pecos, TX",31.4229,103.4932,irrigated,25.946248212713204
1992,"Pecos, TX",31.4229,103.4932,irrigated,28.76650434002066
1993,"Pecos, TX",31.4229,103.4932,irrigated,30.227045535100025
1994,"Pecos, TX",31.4229,103.4932,irrigated,27.36027128481938
1995,"Pecos, TX",31.4229,103.4932,irrigated,30.814819087820347
1997,"Pecos, TX",31.4229,103.4932,irrigated,28.198485208208343
1998,"Pecos, TX",31.4229,103.4932,irrigated,29.776684690998593
1999,"Pecos, TX",31.4229,103.4932,irrigated,29.956360463273487
2000,"Pecos, TX",31.4229,103.4932,irrigated,29.291674317284606
2001,"Pecos, TX",31.4229,103.4932,NA,30.46609737434983
2002,"Pecos, TX",31.4229,103.4932,irrigated,32.58882806806359
2004,"Pecos, TX",31.4229,103.4932,irrigated,29.088828068063595
2005,"Pecos, TX",31.4229,103.4932,NA,27.42141333579486
2006,"Pecos, TX",31.4229,103.4932,NA,28.02141333579486
2007,"Pecos, TX",31.4229,103.4932,NA,31.671413335794853
2008,"Pecos, TX",31.4229,103.4932,NA,29.92935736020727
2009,"Pecos, TX",31.4229,103.4932,NA,32.14855936576413
2010,"Pecos, TX",31.4229,103.4932,NA,32.363985334677274
2011,"Pecos, TX",31.4229,103.4932,NA,34.1958415747042
2012,"Pecos, TX",31.4229,103.4932,NA,32.660127288989905
2013,"Pecos, TX",31.4229,103.4932,NA,32.3315558604185
2014,"Pecos, TX",36.4253,89.6995,irrigated,32.37106343756921
2015,"Pecos, TX",36.4253,89.6995,irrigated,34.8424920089978
1980,"Phoenix, AZ",33.4484,112.074,NA,29.31565475258698
1981,"Phoenix, AZ",33.4484,112.074,NA,29.571890394148436
1982,"Phoenix, AZ",33.4484,112.074,NA,27.615820005581075
1980,"Portageville, MO",36.4253,89.6995,NA,27.860417710288374
1981,"Portageville, MO",36.4253,89.6995,NA,28.973618353080823
1982,"Portageville, MO",36.4253,89.6995,NA,30.151822031076303
1983,"Portageville, MO",36.4253,89.6995,NA,29.955108307543473
1984,"Portageville, MO",36.4253,89.6995,NA,29.684922388344063
1985,"Portageville, MO",36.4253,89.6995,NA,28.72351789989707
1986,"Portageville, MO",36.4253,89.6995,NA,32.53446193362984
1987,"Portageville, MO",36.4253,89.6995,NA,28.607403962408554
1988,"Portageville, MO",36.4253,89.6995,NA,24.044966115969892
1989,"Portageville, MO",36.4253,89.6995,NA,30.39683583179719
1990,"Portageville, MO",36.4253,89.6995,NA,31.973439744384095
1991,"Portageville, MO",36.4253,89.6995,NA,30.702437931089698
1992,"Portageville, MO",36.4253,89.6995,NA,31.513137921706875
1993,"Portageville, MO",36.4253,89.6995,NA,31.303175812512706
1994,"Portageville, MO",36.4253,89.6995,NA,32.22013207571038
1996,"Portageville, MO",36.4253,89.6995,NA,30.350830407453913
1997,"Portageville, MO",36.4253,89.6995,NA,29.29337331137984
1998,"Portageville, MO",36.4253,89.6995,NA,29.61898599163409
2001,"Portageville, MO",36.4253,89.6995,NA,31.881687998050793
2004,"Portageville, MO",36.4253,89.6995,NA,29.599850859215525
2005,"Portageville, MO",36.4253,89.6995,NA,29.959768633359957
2006,"Portageville, MO",36.4253,89.6995,NA,32.56654830484057
2007,"Portageville, MO",36.4253,89.6995,NA,31.037659194315154
2008,"Portageville, MO",36.4253,89.6995,NA,34.13103046447506
2009,"Portageville, MO",36.4253,89.6995,NA,31.950180159040535
2011,"Portageville, MO",36.4253,89.6995,NA,35.96167766745097
2012,"Portageville, MO",36.4253,89.6995,NA,36.830770763617174
2013,"Portageville, MO",36.4253,89.6995,NA,34.58606417099211
2014,"Portageville, MO",36.4253,89.6995,NA,35.34396457559466
2015,"Portageville, MO",36.4253,89.6995,NA,34.54093696013726
2016,"Portageville, MO",36.4253,89.6995,NA,35.42655245741881
2017,"Portageville, MO",36.4253,89.6995,NA,36.74005375734055
2018,"Portageville, MO",36.4253,89.6995,NA,33.75413698327612
2019,"Portageville, MO",36.4253,89.6995,NA,34.05233883268742
1989,"Poston, AZ",33.9906,114.3963,NA,34.003659924988476
1990,"Poston, AZ",33.9906,114.3963,NA,36.93525858702165
1991,"Poston, AZ",33.9906,114.3963,NA,32.15837146229332
1980,"Ridgley, TN",36.2634,89.4879,NA,28.42258199195978
1980,"Rocky Mount, NC",35.9382,77.7905,NA,25.735092273523165
1981,"Rocky Mount, NC",35.9382,77.7905,NA,27.095901042088425
2005,"Rocky Mount, NC",35.9382,77.7905,NA,33.05204108791564
2006,"Rocky Mount, NC",35.9382,77.7905,NA,33.031421375596096
2012,"Rocky Mount, NC",35.9382,77.7905,NA,33.72066310511986
2013,"Rocky Mount, NC",35.9382,77.7905,NA,33.74687275974413
2014,"Rocky Mount, NC",35.9382,77.7905,NA,33.863980913149504
2015,"Rocky Mount, NC",35.9382,77.7905,NA,35.48446373326395
2016,"Rocky Mount, NC",35.9382,77.7905,NA,34.53254023589261
2017,"Rocky Mount, NC",35.9382,77.7905,NA,33.14666056164746
2018,"Rocky Mount, NC",35.9382,77.7905,NA,33.63243841443348
2019,"Rocky Mount, NC",35.9382,77.7905,NA,34.53895951493
1990,"Rohwer, AR",33.7609,91.2757,NA,31.83769929893141
1992,"Rohwer, AR",33.7609,91.2757,NA,28.75734830823137
1980,"Safford, AZ",32.834,109.7076,NA,31.137083324015563
1981,"Safford, AZ",32.834,109.7076,NA,26.196890394148433
1982,"Safford, AZ",32.834,109.7076,NA,28.34721831680494
1983,"Safford, AZ",32.834,109.7076,NA,30.271251227226365
1984,"Safford, AZ",32.834,109.7076,NA,25.381023345742655
1985,"Safford, AZ",32.834,109.7076,NA,29.589043442661843
1986,"Safford, AZ",32.834,109.7076,NA,27.499439007534285
1987,"Safford, AZ",32.834,109.7076,NA,21.80775960405951
1988,"Safford, AZ",32.834,109.7076,NA,19.666092937392854
1989,"Safford, AZ",32.834,109.7076,NA,32.295326591655154
1990,"Safford, AZ",32.834,109.7076,NA,31.876925253688295
1991,"Safford, AZ",32.834,109.7076,NA,32.966704795626654
1992,"Safford, AZ",32.834,109.7076,NA,28.740565676285026
1993,"Safford, AZ",32.834,109.7076,NA,28.747623235251496
1994,"Safford, AZ",32.834,109.7076,NA,32.0443765713672
1995,"Safford, AZ",32.834,109.7076,NA,31.489765333271105
1996,"Safford, AZ",32.834,109.7076,NA,29.433769319349388
1997,"Safford, AZ",32.834,109.7076,NA,32.54155907915968
1998,"Safford, AZ",32.834,109.7076,NA,30.586932048024025
2000,"Safford, AZ",32.834,109.7076,NA,29.222075367497418
1980,"Saint Joseph, LA",31.9184,91.2335,NA,26.231586258149495
1981,"Saint Joseph, LA",31.9184,91.2335,NA,26.92944812398144
1982,"Saint Joseph, LA",31.9184,91.2335,NA,26.840742873755907
1983,"Saint Joseph, LA",31.9184,91.2335,NA,30.191326871453256
1984,"Saint Joseph, LA",31.9184,91.2335,NA,26.518640885128622
1985,"Saint Joseph, LA",31.9184,91.2335,NA,28.758015443439447
1986,"Saint Joseph, LA",31.9184,91.2335,NA,30.2645886134206
1987,"Saint Joseph, LA",31.9184,91.2335,NA,28.491829773814544
1988,"Saint Joseph, LA",31.9184,91.2335,NA,21.65891830368868
1989,"Saint Joseph, LA",31.9184,91.2335,NA,27.97019727754669
1990,"Saint Joseph, LA",31.9184,91.2335,NA,29.017786674718792
1991,"Saint Joseph, LA",31.9184,91.2335,NA,29.300668784469327
1992,"Saint Joseph, LA",31.9184,91.2335,NA,30.924496560161632
1993,"Saint Joseph, LA",31.9184,91.2335,NA,31.862646698415478
1994,"Saint Joseph, LA",31.9184,91.2335,NA,27.90341804967859
1995,"Saint Joseph, LA",31.9184,91.2335,NA,30.88899396871024
1996,"Saint Joseph, LA",31.9184,91.2335,NA,30.623690534382835
1997,"Saint Joseph, LA",31.9184,91.2335,NA,30.583605782032738
1998,"Saint Joseph, LA",31.9184,91.2335,NA,31.35059437674748
2000,"Saint Joseph, LA",31.9184,91.2335,NA,30.37563657178538
2001,"Saint Joseph, LA",31.9184,91.2335,NA,33.20232715703836
2002,"Saint Joseph, LA",31.9184,91.2335,NA,33.25395564709423
2003,"Saint Joseph, LA",31.9184,91.2335,NA,31.849219882702183
2004,"Saint Joseph, LA",31.9184,91.2335,NA,31.301096752333546
2005,"Saint Joseph, LA",31.9184,91.2335,NA,30.901174874315547
2007,"Saint Joseph, LA",31.9184,91.2335,NA,32.32886530514673
2008,"Saint Joseph, LA",31.9184,91.2335,NA,32.596781996122374
2010,"Saint Joseph, LA",31.9184,91.2335,NA,36.37093779914974
2011,"Saint Joseph, LA",31.9184,91.2335,NA,35.32223888242969
2012,"Saint Joseph, LA",31.9184,91.2335,NA,35.079136555611264
2013,"Saint Joseph, LA",31.9184,91.2335,NA,34.56378389472956
2014,"Saint Joseph, LA",31.9184,91.2335,NA,34.0009192387044
2015,"Saint Joseph, LA",31.9184,91.2335,NA,34.94900330167212
2016,"Saint Joseph, LA",31.9184,91.2335,NA,35.658352901347286
2018,"Saint Joseph, LA",31.9184,91.2335,NA,33.460673091183736
2019,"Saint Joseph, LA",31.9184,91.2335,NA,37.02683716552499
1980,"Salome, AZ",33.7582,113.6147,NA,31.20851189544411
1982,"Salome, AZ",33.7582,113.6147,NA,25.951384983471655
1983,"Salome, AZ",33.7582,113.6147,NA,28.187917893893026
1984,"Salome, AZ",33.7582,113.6147,NA,26.922690012409312
1986,"Salome, AZ",33.7582,113.6147,NA,28.082772340867614
1981,"Sand Mountain, AL",32.8548,86.9125,NA,28.146677097876974
1981,"Shafter, CA",35.5005,119.2718,NA,28.9906288357854
1982,"Shafter, CA",35.5005,119.2718,NA,28.09062883578539
1983,"Shafter, CA",35.5005,119.2718,NA,27.490628835785397
1984,"Shafter, CA",35.5005,119.2718,NA,28.760285603243855
1985,"Shafter, CA",35.5005,119.2718,NA,28.16028560324386
1986,"Shafter, CA",35.5005,119.2718,NA,27.960285603243857
1987,"Shafter, CA",35.5005,119.2718,NA,26.981755819778122
1988,"Shafter, CA",35.5005,119.2718,NA,22.724439284133062
1989,"Shafter, CA",35.5005,119.2718,NA,27.763157385370185
1990,"Shafter, CA",35.5005,119.2718,NA,31.62271685395889
1991,"Shafter, CA",35.5005,119.2718,NA,28.933567988798927
1992,"Shafter, CA",35.5005,119.2718,NA,29.61224256061619
1993,"Shafter, CA",35.5005,119.2718,NA,28.875799325576274
1994,"Shafter, CA",35.5005,119.2718,NA,29.120283225170198
1995,"Shafter, CA",35.5005,119.2718,NA,30.503959353181912
1996,"Shafter, CA",35.5005,119.2718,NA,33.66751311790644
1997,"Shafter, CA",35.5005,119.2718,NA,32.182931868278004
1998,"Shafter, CA",35.5005,119.2718,NA,35.29916968012364
1999,"Shafter, CA",35.5005,119.2718,NA,31.863514325842317
2000,"Shafter, CA",35.5005,119.2718,NA,33.573566098162644
2002,"Shafter, CA",35.5005,119.2718,NA,35.62613754169208
1999,"Starkville, MS",33.4504,88.8184,NA,30.84925217428183
2001,"Starkville, MS",33.4504,88.8184,NA,32.71512105333249
2005,"Starkville, MS",33.4504,88.8184,NA,30.371453167923296
2006,"Starkville, MS",33.4504,88.8184,NA,31.081632604251315
2007,"Starkville, MS",33.4504,88.8184,NA,32.659247443568965
2008,"Starkville, MS",33.4504,88.8184,NA,33.30074731203379
2009,"Starkville, MS",33.4504,88.8184,NA,31.1944708203291
2010,"Starkville, MS",33.4504,88.8184,NA,34.34202863465728
2011,"Starkville, MS",33.4504,88.8184,NA,35.029605889284056
2012,"Starkville, MS",33.4504,88.8184,NA,33.742885327342094
2013,"Starkville, MS",33.4504,88.8184,NA,33.5718727597441
2014,"Starkville, MS",33.4504,88.8184,NA,34.01398091314948
2015,"Starkville, MS",33.4504,88.8184,NA,35.401922283078214
2016,"Starkville, MS",33.4504,88.8184,NA,33.14254023589264
2017,"Starkville, MS",33.4504,88.8184,NA,33.28166056164745
2018,"Starkville, MS",33.4504,88.8184,NA,30.50493841443348
2019,"Starkville, MS",33.4504,88.8184,NA,34.99145951493
1980,"Stoneville, MS",33.424,90.9151,NA,25.536359546381917
1981,"Stoneville, MS",33.424,90.9151,NA,28.383693641799958
1982,"Stoneville, MS",33.424,90.9151,NA,27.20028945022075
1983,"Stoneville, MS",33.424,90.9151,NA,29.021846271495676
1984,"Stoneville, MS",33.424,90.9151,NA,29.146529611012497
1985,"Stoneville, MS",33.424,90.9151,NA,30.362663564420085
1986,"Stoneville, MS",33.424,90.9151,NA,30.279984876836433
1987,"Stoneville, MS",33.424,90.9151,NA,27.69731291412332
1988,"Stoneville, MS",33.424,90.9151,NA,24.171751530672786
1989,"Stoneville, MS",33.424,90.9151,NA,29.74588847804912
1990,"Stoneville, MS",33.424,90.9151,NA,29.93156328788052
1991,"Stoneville, MS",33.424,90.9151,NA,29.050826241035267
1992,"Stoneville, MS",33.424,90.9151,NA,32.43854346616586
1993,"Stoneville, MS",33.424,90.9151,NA,30.860293665834504
1994,"Stoneville, MS",33.424,90.9151,NA,30.065483595155218
1995,"Stoneville, MS",33.424,90.9151,NA,33.01316138363481
1996,"Stoneville, MS",33.424,90.9151,NA,29.975440439239563
1997,"Stoneville, MS",33.424,90.9151,NA,33.844388713407966
1998,"Stoneville, MS",33.424,90.9151,NA,32.04204591270144
1999,"Stoneville, MS",33.424,90.9151,NA,32.045439633688105
2000,"Stoneville, MS",33.424,90.9151,NA,29.125377878134373
2001,"Stoneville, MS",33.424,90.9151,NA,30.577011074420117
2002,"Stoneville, MS",33.424,90.9151,NA,33.677517908985024
2003,"Stoneville, MS",33.424,90.9151,NA,33.490169183368955
2004,"Stoneville, MS",33.424,90.9151,NA,32.5782853975801
2005,"Stoneville, MS",33.424,90.9151,NA,30.538457906673433
2006,"Stoneville, MS",33.424,90.9151,NA,31.627866660516442
2007,"Stoneville, MS",33.424,90.9151,NA,33.86784630633228
2008,"Stoneville, MS",33.424,90.9151,NA,36.46607342473662
2009,"Stoneville, MS",33.424,90.9151,NA,32.42571208257943
2010,"Stoneville, MS",33.424,90.9151,NA,35.81768533437541
2011,"Stoneville, MS",33.424,90.9151,NA,37.1692056039922
2012,"Stoneville, MS",33.424,90.9151,NA,37.188852066883435
2013,"Stoneville, MS",33.424,90.9151,NA,33.86154687881265
2014,"Stoneville, MS",33.424,90.9151,NA,34.09630057537134
2015,"Stoneville, MS",33.424,90.9151,NA,37.350951303419684
2016,"Stoneville, MS",33.424,90.9151,NA,35.442442869610304
2017,"Stoneville, MS",33.424,90.9151,NA,36.21340123435806
2018,"Stoneville, MS",33.424,90.9151,NA,33.62790591801461
2019,"Stoneville, MS",33.424,90.9151,NA,36.03931564442901
2005,"Suffolk, VA",36.7282,76.5836,NA,28.550024596494712
2006,"Suffolk, VA",36.7282,76.5836,NA,31.29483666285924
2007,"Suffolk, VA",36.7282,76.5836,NA,33.67118339020567
2008,"Suffolk, VA",36.7282,76.5836,NA,32.5272417447644
2014,"Suffolk, VA",36.7282,76.5836,NA,31.919536468705086
2015,"Suffolk, VA",36.7282,76.5836,NA,33.86883873326395
2016,"Suffolk, VA",36.7282,76.5836,NA,35.432540235892645
2017,"Suffolk, VA",36.7282,76.5836,NA,33.10666056164746
2018,"Suffolk, VA",36.7282,76.5836,NA,33.509938414433485
1982,"Thrall, TX",30.5905,97.2969,NA,26.79886105932352
1983,"Thrall, TX",30.5905,97.2969,NA,26.57078986609133
1984,"Thrall, TX",30.5905,97.2969,NA,29.40907924476705
1985,"Thrall, TX",30.5905,97.2969,NA,27.470607032388735
1986,"Thrall, TX",30.5905,97.2969,NA,29.189468526777695
1987,"Thrall, TX",30.5905,97.2969,NA,23.871171585242674
1988,"Thrall, TX",30.5905,97.2969,NA,24.987838251909345
1989,"Thrall, TX",30.5905,97.2969,NA,28.571969669520616
1990,"Thrall, TX",30.5905,97.2969,NA,33.86634011865462
1991,"Thrall, TX",30.5905,97.2969,NA,29.05800678532129
1992,"Thrall, TX",30.5905,97.2969,NA,32.183006785321275
1993,"Thrall, TX",30.5905,97.2969,NA,29.15110812173389
1994,"Thrall, TX",30.5905,97.2969,NA,31.35944145506724
1995,"Thrall, TX",30.5905,97.2969,NA,30.684441455067237
1997,"Thrall, TX",30.5905,97.2969,NA,31.093832547023396
1998,"Thrall, TX",30.5905,97.2969,NA,31.09383254702341
1999,"Thrall, TX",30.5905,97.2969,NA,29.65287157569984
2000,"Thrall, TX",30.5905,97.2969,NA,28.83457378625708
2001,"Thrall, TX",30.5905,97.2969,NA,33.23620490903319
2002,"Thrall, TX",30.5905,97.2969,NA,33.3045504143968
2003,"Thrall, TX",30.5905,97.2969,NA,31.09531023626254
2004,"Thrall, TX",30.5905,97.2969,NA,30.73742801579255
2005,"Thrall, TX",30.5905,97.2969,NA,29.424607671749648
2006,"Thrall, TX",30.5905,97.2969,NA,28.75349692836705
2007,"Thrall, TX",30.5905,97.2969,NA,31.03434685567374
2009,"Thrall, TX",30.5905,97.2969,NA,30.517844574047977
2010,"Thrall, TX",30.5905,97.2969,NA,32.82371597805617
2011,"Thrall, TX",30.5905,97.2969,NA,28.53484555900409
2012,"Thrall, TX",30.5905,97.2969,NA,30.634845559004084
2013,"Thrall, TX",30.5905,97.2969,NA,31.78206470528312
2014,"Thrall, TX",30.5905,97.2969,NA,33.52140092967347
2015,"Thrall, TX",30.5905,97.2969,NA,31.026956485228997
2017,"Thrall, TX",30.5905,97.2969,NA,32.412263514368355
1980,"Tifton, GA",31.4505,83.5085,NA,26.68620061481071
1981,"Tifton, GA",31.4505,83.5085,NA,30.007204875459422
1987,"Tifton, GA",31.4505,83.5085,NA,27.94819159289522
1988,"Tifton, GA",31.4505,83.5085,NA,21.761830661833802
1989,"Tifton, GA",31.4505,83.5085,NA,25.670180521787554
1990,"Tifton, GA",31.4505,83.5085,NA,32.71802348867449
1991,"Tifton, GA",31.4505,83.5085,NA,28.82879254295646
1992,"Tifton, GA",31.4505,83.5085,NA,30.93280480640895
1993,"Tifton, GA",31.4505,83.5085,NA,29.90133487024409
2000,"Tifton, GA",31.4505,83.5085,NA,31.852910577315807
2001,"Tifton, GA",31.4505,83.5085,NA,31.78814813167814
2002,"Tifton, GA",31.4505,83.5085,NA,32.9683295327455
1992,"Tipton, OK",31.4505,83.5085,NA,31.966489928014397
1996,"Tipton, OK",31.4505,83.5085,NA,30.560250228388938
1997,"Tipton, OK",31.4505,83.5085,NA,33.36479568293441
1998,"Tipton, OK",31.4505,83.5085,NA,34.18297750111623
1999,"Tipton, OK",31.4505,83.5085,NA,29.531876925694288
2000,"Tipton, OK",31.4505,83.5085,NA,31.262646156463518
2001,"Tipton, OK",31.4505,83.5085,NA,33.493415387232744
2002,"Tipton, OK",31.4505,83.5085,NA,32.673874276512706
2003,"Tipton, OK",31.4505,83.5085,NA,32.596951199589626
2004,"Tipton, OK",31.4505,83.5085,NA,32.135412738051166
2005,"Tipton, OK",31.4505,83.5085,NA,31.97418115751841
2007,"Tipton, OK",31.4505,83.5085,NA,31.93846687180412
2008,"Tipton, OK",31.4505,83.5085,NA,33.771280060777265
2009,"Tipton, OK",31.4505,83.5085,NA,31.84820313770035
2018,"Tipton, OK",31.4505,83.5085,NA,33.800525849453834
1993,"Tranquility, CA",36.6488,120.2527,NA,30.229088455455535
1980,"Tunica, MS",34.6845,90.3829,NA,24.87712744650525
1981,"Tunica, MS",34.6845,90.3829,NA,26.514924765549505
1981,"University Park, NM",32.2834,106.7533,NA,27.982280452774372
1982,"University Park, NM",32.2834,106.7533,NA,26.1782915346019
1983,"University Park, NM",32.2834,106.7533,NA,26.622735979046347
1984,"University Park, NM",32.2834,106.7533,NA,29.073643200348023
1985,"University Park, NM",32.2834,106.7533,NA,27.14727474181643
1986,"University Park, NM",32.2834,106.7533,NA,29.072049083772917
1987,"University Park, NM",32.2834,106.7533,NA,27.51240129046403
1988,"University Park, NM",32.2834,106.7533,NA,21.187018331241045
1989,"University Park, NM",32.2834,106.7533,NA,28.426755077330974
1990,"University Park, NM",32.2834,106.7533,NA,27.15294625832831
1991,"University Park, NM",32.2834,106.7533,NA,24.146248212713232
1992,"University Park, NM",32.2834,106.7533,NA,28.043171006687317
1993,"University Park, NM",32.2834,106.7533,NA,28.08473784279235
1994,"University Park, NM",32.2834,106.7533,NA,29.09234564847717
1995,"University Park, NM",32.2834,106.7533,NA,30.807323145261922
1996,"University Park, NM",32.2834,106.7533,NA,28.037060170325404
2000,"University Park, NM",32.2834,106.7533,NA,31.40025098757702
2001,"University Park, NM",32.2834,106.7533,NA,30.341097374349822
2005,"University Park, NM",32.2834,106.7533,NA,29.929183312972384
2008,"University Park, NM",32.2834,106.7533,NA,31.449287825994098
2010,"University Park, NM",32.2834,106.7533,NA,32.27896068832154
2011,"University Park, NM",32.2834,106.7533,NA,36.41012728898991
2012,"University Park, NM",32.2834,106.7533,NA,35.595841574704224
1980,"W Side Field Station, CA",36.3387,120.1221,NA,24.727609893033375
1981,"W Side Field Station, CA",36.3387,120.1221,NA,28.090628835785388
1982,"W Side Field Station, CA",36.3387,120.1221,NA,28.19062883578539
1983,"W Side Field Station, CA",36.3387,120.1221,NA,29.19062883578539
1984,"W Side Field Station, CA",36.3387,120.1221,NA,29.260285603243858
1985,"W Side Field Station, CA",36.3387,120.1221,NA,27.160285603243853
1986,"W Side Field Station, CA",36.3387,120.1221,NA,28.760285603243865
1987,"W Side Field Station, CA",36.3387,120.1221,NA,26.766200264222554
1988,"W Side Field Station, CA",36.3387,120.1221,NA,21.974439284133037
1989,"W Side Field Station, CA",36.3387,120.1221,NA,28.413157385370187
1990,"W Side Field Station, CA",36.3387,120.1221,NA,33.143769485537824
1991,"W Side Field Station, CA",36.3387,120.1221,NA,29.322536908028987
1992,"W Side Field Station, CA",36.3387,120.1221,NA,30.33577197238089
1993,"W Side Field Station, CA",36.3387,120.1221,NA,29.105799325576243
1994,"W Side Field Station, CA",36.3387,120.1221,NA,30.03563392914938
1995,"W Side Field Station, CA",36.3387,120.1221,NA,32.10795935318191
1996,"W Side Field Station, CA",36.3387,120.1221,NA,33.82376311790644
1997,"W Side Field Station, CA",36.3387,120.1221,NA,28.78293186827799
1998,"W Side Field Station, CA",36.3387,120.1221,NA,33.232503013456956
1999,"W Side Field Station, CA",36.3387,120.1221,NA,31.25240321473121
2000,"W Side Field Station, CA",36.3387,120.1221,NA,31.287851812448366
2002,"W Side Field Station, CA",36.33879,120.11,NA,35.79280420835875
1980,"Wenden, AZ",33.8225,113.5416,NA,28.85136903830127
1981,"Wenden, AZ",33.8225,113.5416,NA,28.107604679862714
1982,"Wenden, AZ",33.8225,113.5416,NA,27.2430516501383
1990,"Wenden, AZ",33.8225,113.5416,NA,33.03525858702164
1991,"Wenden, AZ",33.8225,113.5416,NA,33.333371462293314
1980,"Weslaco, TX",26.1595,97.9908,NA,25.381075175619323
1981,"Weslaco, TX",26.1595,97.9908,NA,25.141734489894453
1982,"Weslaco, TX",26.1595,97.9908,NA,27.891734489894457
1983,"Weslaco, TX",26.1595,97.9908,NA,25.64173448989445
1984,"Weslaco, TX",26.1595,97.9908,NA,27.954398206229563
1985,"Weslaco, TX",26.1595,97.9908,NA,28.00995376178512
1986,"Weslaco, TX",26.1595,97.9908,NA,28.62732194266258
1988,"Weslaco, TX",26.1595,97.9908,NA,22.415747680824893
1989,"Weslaco, TX",26.1595,97.9908,NA,27.811202226279438
1990,"Weslaco, TX",26.1595,97.9908,NA,31.11353577562333
1991,"Weslaco, TX",26.1595,97.9908,NA,28.12067863276619
1992,"Weslaco, TX",26.1595,97.9908,NA,31.90639291848047
1993,"Weslaco, TX",26.1595,97.9908,NA,27.697392622816317
1994,"Weslaco, TX",26.1595,97.9908,NA,30.964059289482993
1995,"Weslaco, TX",26.1595,97.9908,NA,30.855725956149644
1996,"Weslaco, TX",26.1595,97.9908,NA,31.94414852169528
1997,"Weslaco, TX",26.1595,97.9908,NA,30.19129758018913
1998,"Weslaco, TX",26.1595,97.9908,NA,30.875398521695285
1999,"Weslaco, TX",26.1595,97.9908,NA,31.285582479416085
2000,"Weslaco, TX",26.1595,97.9908,NA,31.230026923860542
2001,"Weslaco, TX",26.1595,97.9908,NA,32.063360257193864
2002,"Weslaco, TX",26.1595,97.9908,NA,35.20064959237751
2003,"Weslaco, TX",26.1595,97.9908,NA,31.610004368597384
2004,"Weslaco, TX",26.1595,97.9908,NA,30.46793737351323
2005,"Weslaco, TX",26.1595,97.9908,NA,28.535718782860766
2006,"Weslaco, TX",26.1595,97.9908,NA,31.813496560638548
2007,"Weslaco, TX",26.1595,97.9908,NA,31.702385449527437
2008,"Weslaco, TX",26.1595,97.9908,NA,32.239914454022895
2009,"Weslaco, TX",26.1595,97.9908,NA,31.569397369234093
2010,"Weslaco, TX",26.1595,97.9908,NA,32.80525229022133
2011,"Weslaco, TX",26.1595,97.9908,NA,32.680799221653224
2012,"Weslaco, TX",26.1595,97.9908,NA,32.61609519154743
2013,"Weslaco, TX",26.1595,97.9908,NA,32.89595667011521
2014,"Weslaco, TX",26.1595,97.9908,NA,33.67140092967345
2015,"Weslaco, TX",26.1595,97.9908,NA,31.626956485229027
2016,"Weslaco, TX",26.1595,97.9908,NA,32.59362315189567
2017,"Weslaco, TX",26.1595,97.9908,NA,32.05393018103503
2018,"Weslaco, TX",26.1595,97.9908,NA,32.90725137281268
2019,"Weslaco, TX",26.1595,97.9908,NA,35.745596847701705
1982,"Yuma, AZ",32.6927,114.6277,NA,25.899621453103503
1987,"Yuma, AZ",32.6927,114.6277,NA,25.814759102000462
1988,"Yuma, AZ",32.6927,114.6277,NA,19.00775960405951
1990,"Yuma, AZ",32.6927,114.6277,NA,29.835258587021645
1991,"Yuma, AZ",32.6927,114.6277,NA,34.25837146229332
1992,"Yuma, AZ",32.6927,114.6277,NA,26.141581090135332
1993,"Yuma, AZ",32.6927,114.6277,NA,27.55408845545552
